time,open,high,low,close,volume
31 Oct 2020 23:30:0,13846.81,13890,13844,13866.99,780.648315
31 Oct 2020 23:0:0,13838.83,13850,13816.38,13846.81,572.516236
31 Oct 2020 22:30:0,13830.24,13842.04,13812.43,13838.82,503.227798
31 Oct 2020 22:0:0,13837.99,13848.22,13807.44,13829.95,487.340686
31 Oct 2020 21:30:0,13807.15,13839.4,13793.99,13837.98,792.644868
31 Oct 2020 21:0:0,13781.87,13808.67,13745.39,13807.15,622.777237
31 Oct 2020 20:30:0,13772.82,13809.89,13759.99,13781.87,713.633835
31 Oct 2020 20:0:0,13717.11,13779,13675.13,13772.81,1200.352839
31 Oct 2020 19:30:0,13737.57,13767.05,13704.34,13717.1,972.225196
31 Oct 2020 19:0:0,13778.27,13778.27,13700,13737.56,994.277123
31 Oct 2020 18:30:0,13747.01,13792.14,13732.48,13778.29,741.09469
31 Oct 2020 18:0:0,13818.49,13819.47,13747,13747,937.127353
31 Oct 2020 17:30:0,13826.13,13837.78,13799.71,13818.49,657.427083
31 Oct 2020 17:0:0,13852.01,13883.55,13826.13,13826.13,1104.914901
31 Oct 2020 16:30:0,13810.43,13882.18,13778.31,13852.02,1047.120586
31 Oct 2020 16:0:0,13811.46,13813.17,13730,13810.77,1440.796905
31 Oct 2020 15:30:0,13779.58,13842.59,13777.85,13811.47,948.385853
31 Oct 2020 15:0:0,13860.96,13870,13775,13779.58,1522.999368
31 Oct 2020 14:30:0,13895.27,13898,13847.5,13860.96,863.975146
31 Oct 2020 14:0:0,13878.5,13930,13818.24,13895.27,1388.370999
31 Oct 2020 13:30:0,13894.77,13922.73,13860.36,13878.5,1129.02168
31 Oct 2020 13:0:0,13940,13941.21,13855.41,13894.18,1988.135025
31 Oct 2020 12:30:0,13854.13,13950,13820,13940,1600.477593
31 Oct 2020 12:0:0,13821.72,13897.56,13805,13854.12,1690.458552
31 Oct 2020 11:30:0,13754.97,13860.28,13740.95,13821.72,2294.875345
31 Oct 2020 11:0:0,13893.23,14100,13572.4,13754.94,11129.162078
31 Oct 2020 10:30:0,13740.43,13956.22,13740.42,13893.24,4303.197758
31 Oct 2020 10:0:0,13739.95,13809.68,13721.9,13740.43,2023.063851
31 Oct 2020 9:30:0,13818.01,13840,13711.58,13739.94,2429.676303
31 Oct 2020 9:0:0,13576.14,13833,13575,13818,4972.403976
31 Oct 2020 8:30:0,13565.17,13587.4,13557.41,13576.14,486.842658
31 Oct 2020 8:0:0,13612.05,13613.87,13550.73,13565.28,705.831831
31 Oct 2020 7:30:0,13528.49,13612.05,13528.48,13612.05,876.824665
31 Oct 2020 7:0:0,13473.26,13528.49,13463.87,13528.48,595.216213
31 Oct 2020 6:30:0,13518.1,13523.12,13473.1,13473.26,454.970739
31 Oct 2020 6:0:0,13516.17,13525.99,13485.1,13518.1,425.274385
31 Oct 2020 5:30:0,13511.48,13518.66,13474.42,13516.16,407.382359
31 Oct 2020 5:0:0,13491.55,13518.3,13452.5,13511.31,612.714685
31 Oct 2020 4:30:0,13481.87,13510.17,13458,13491.54,834.842999
31 Oct 2020 4:0:0,13611.71,13621.95,13411.5,13481.87,2179.877668
31 Oct 2020 3:30:0,13685.78,13717.05,13559.74,13611.72,1222.395139
31 Oct 2020 3:0:0,13636.15,13740,13635.27,13685.78,1791.125565
31 Oct 2020 2:30:0,13586.16,13643.62,13571.3,13636.14,565.542378
31 Oct 2020 2:0:0,13615.27,13657.16,13586.16,13586.17,866.863206
31 Oct 2020 1:30:0,13557.99,13648,13546.53,13615.06,1148.190899
31 Oct 2020 1:0:0,13560.1,13577.15,13511.45,13557.98,645.191188
31 Oct 2020 0:30:0,13615.57,13637,13535.05,13560.1,778.936188
31 Oct 2020 0:0:0,13553.1,13622.52,13553.09,13615.56,655.248203
30 Oct 2020 23:30:0,13596.99,13600,13544.86,13553.09,479.404339
30 Oct 2020 23:0:0,13547.45,13600,13529,13596.99,665.395254
30 Oct 2020 22:30:0,13565.92,13574.65,13519.48,13547.45,655.95707
30 Oct 2020 22:0:0,13625.94,13638.29,13466,13565.91,1456.069997
30 Oct 2020 21:30:0,13579.44,13666.66,13579.44,13625.92,2470.958948
30 Oct 2020 21:0:0,13536.44,13582,13510,13579.45,956.674838
30 Oct 2020 20:30:0,13494.81,13538.22,13480,13536.44,729.112017
30 Oct 2020 20:0:0,13524.51,13540.95,13489.21,13494.8,1030.859296
30 Oct 2020 19:30:0,13519.51,13535.02,13488.5,13524.51,840.145585
30 Oct 2020 19:0:0,13518.26,13553.8,13507.88,13519.51,835.320032
30 Oct 2020 18:30:0,13500.65,13531.23,13462.41,13518.25,1086.49443
30 Oct 2020 18:0:0,13522.18,13569,13497.97,13500.64,1208.608346
30 Oct 2020 17:30:0,13503.53,13555.01,13492.36,13522.27,1161.775027
30 Oct 2020 17:0:0,13549.6,13582,13495.63,13503.53,2314.730187
30 Oct 2020 16:30:0,13461.82,13550,13443.74,13549.98,2248.869278
30 Oct 2020 16:0:0,13351.67,13471,13351.31,13461.81,2839.599516
30 Oct 2020 15:30:0,13295.25,13365.52,13293.42,13351.67,1299.725732
30 Oct 2020 15:0:0,13263.29,13345,13253.21,13295.26,1406.071731
30 Oct 2020 14:30:0,13296.59,13330,13221.35,13263.3,1654.598504
30 Oct 2020 14:0:0,13328.81,13341.99,13260.73,13296.59,1397.897918
30 Oct 2020 13:30:0,13332.61,13363.73,13294.78,13328.81,1221.677147
30 Oct 2020 13:0:0,13347.8,13350.92,13275,13332.6,1271.96418
30 Oct 2020 12:30:0,13273.12,13369.47,13246.81,13347.79,1489.071039
30 Oct 2020 12:0:0,13301.61,13316.48,13255.09,13273.12,991.533751
30 Oct 2020 11:30:0,13242.7,13302.02,13210.86,13301.62,1150.202178
30 Oct 2020 11:0:0,13277.04,13338.96,13210.86,13242.7,1671.940096
30 Oct 2020 10:30:0,13254.91,13298.43,13230.27,13277.05,1080.17842
30 Oct 2020 10:0:0,13242.49,13270.43,13147.66,13254.92,2147.898925
30 Oct 2020 9:30:0,13298.4,13307.96,13230,13242.48,1333.853393
30 Oct 2020 9:0:0,13218.96,13338.85,13188.91,13298.4,2269.529352
30 Oct 2020 8:30:0,13193.18,13261.22,13187.12,13218.96,1872.794498
30 Oct 2020 8:0:0,13201.99,13224.49,13115,13192.21,1745.780223
30 Oct 2020 7:30:0,13210.01,13293.8,13189.42,13201.99,1419.910956
30 Oct 2020 7:0:0,13181.56,13249,13146.48,13210.01,3258.220727
30 Oct 2020 6:30:0,13380.27,13409.05,13174.52,13181.57,4093.76963
30 Oct 2020 6:0:0,13420.87,13497.74,13380,13380.47,1161.578148
30 Oct 2020 5:30:0,13425.46,13464.08,13410.11,13420.88,576.600784
30 Oct 2020 5:0:0,13432.34,13467.35,13379.22,13425.46,1050.965735
30 Oct 2020 4:30:0,13489.99,13514.64,13400.1,13432.34,1091.906809
30 Oct 2020 4:0:0,13458.45,13513.93,13429.61,13489.98,1361.311299
30 Oct 2020 3:30:0,13545.74,13562.58,13446.34,13458.45,1609.114402
30 Oct 2020 3:0:0,13561,13578,13521,13545.74,1198.282022
30 Oct 2020 2:30:0,13606.38,13606.38,13543.17,13561,1084.70886
30 Oct 2020 2:0:0,13588.15,13669.98,13572.58,13606.39,2284.607795
30 Oct 2020 1:30:0,13401.25,13600,13400.52,13588.15,2097.255268
30 Oct 2020 1:0:0,13455.69,13460.78,13285,13401.24,1950.670808
30 Oct 2020 0:30:0,13470.99,13488.37,13440,13455.7,742.040308
30 Oct 2020 0:0:0,13398.98,13480.92,13395.21,13471,950.485049
29 Oct 2020 23:30:0,13460.01,13475.23,13380.5,13398.97,1051.426448
29 Oct 2020 23:0:0,13513.09,13520,13449,13460.01,860.130626
29 Oct 2020 22:30:0,13463.83,13549.91,13423.73,13513.09,1087.629881
29 Oct 2020 22:0:0,13479.86,13491.62,13449.51,13463.82,581.878272
29 Oct 2020 21:30:0,13502.21,13506.22,13420,13479.86,1390.973748
29 Oct 2020 21:0:0,13492.5,13527.4,13432.73,13502.2,2115.326676
29 Oct 2020 20:30:0,13553.01,13577.55,13492.5,13492.51,1113.169142
29 Oct 2020 20:0:0,13557.67,13585.57,13526.41,13553,1509.119658
29 Oct 2020 19:30:0,13566.32,13593.83,13511,13557.67,1529.732565
29 Oct 2020 19:0:0,13584.12,13632.68,13488,13566.32,1976.37064
29 Oct 2020 18:30:0,13554.48,13642.91,13534.94,13584.11,2509.658944
29 Oct 2020 18:0:0,13543.65,13569.5,13506.28,13554.48,1841.76653
29 Oct 2020 17:30:0,13558.25,13612.11,13527.23,13543.66,3471.116878
29 Oct 2020 17:0:0,13436.94,13563.41,13395.99,13558.24,2572.550517
29 Oct 2020 16:30:0,13447.33,13452.57,13356.74,13436.95,2002.631174
29 Oct 2020 16:0:0,13427.01,13473,13407.62,13447.33,1941.758768
29 Oct 2020 15:30:0,13383.42,13481.56,13357.65,13427.02,4353.206764
29 Oct 2020 15:0:0,13232,13383.65,13226.45,13383.65,3225.73813
29 Oct 2020 14:30:0,13144.77,13250,13143.41,13232,2485.898899
29 Oct 2020 14:0:0,13131.03,13157.28,13093.87,13144.77,1169.823809
29 Oct 2020 13:30:0,12977.44,13145.36,12970,13130.3,2544.566536
29 Oct 2020 13:0:0,13051.68,13087.4,12920.77,12977.45,3184.788625
29 Oct 2020 12:30:0,13125.01,13171.86,13050,13052.06,1281.670313
29 Oct 2020 12:0:0,13097.51,13147,13077.01,13125.01,1201.159823
29 Oct 2020 11:30:0,13122.49,13128.86,13041.18,13097.51,2429.675677
29 Oct 2020 11:0:0,13190.1,13199,13116.33,13122.5,837.01503
29 Oct 2020 10:30:0,13188.56,13202.4,13157,13190.11,1149.082437
29 Oct 2020 10:0:0,13123.96,13208.77,13120,13188.55,1349.031478
29 Oct 2020 9:30:0,13156.14,13187.09,13114.22,13123.96,1052.986894
29 Oct 2020 9:0:0,13138.87,13188.15,13081,13156.14,1508.373592
29 Oct 2020 8:30:0,13207.86,13228.21,13120.88,13138.87,1695.128485
29 Oct 2020 8:0:0,13278.72,13290.8,13200,13207.87,1132.148621
29 Oct 2020 7:30:0,13276.58,13326.39,13266,13278.72,1262.784372
29 Oct 2020 7:0:0,13284.84,13294.79,13244.96,13276.57,1571.912575
29 Oct 2020 6:30:0,13253,13291.82,13245,13284.83,789.498667
29 Oct 2020 6:0:0,13235.95,13286.13,13235.95,13253,1537.751734
29 Oct 2020 5:30:0,13264.11,13283,13234.34,13235.94,543.052381
29 Oct 2020 5:0:0,13280.98,13299,13247.05,13264.11,1361.641007
29 Oct 2020 4:30:0,13224.99,13280.99,13224.06,13280.99,837.062742
29 Oct 2020 4:0:0,13238.46,13240.03,13168.16,13224.99,1087.442284
29 Oct 2020 3:30:0,13229.98,13263.18,13222.37,13238.46,709.370894
29 Oct 2020 3:0:0,13284.09,13290,13215.13,13229.98,1142.943865
29 Oct 2020 2:30:0,13193.09,13300,13193.09,13284.09,962.172018
29 Oct 2020 2:0:0,13245.17,13275,13167,13193.35,1070.326495
29 Oct 2020 1:30:0,13290,13297.32,13237.82,13245.17,1139.044316
29 Oct 2020 1:0:0,13266.4,13308.54,13250.6,13290,1009.537845
29 Oct 2020 0:30:0,13295.55,13307.35,13253.5,13266.4,1150.659014
29 Oct 2020 0:0:0,13259.94,13297.14,13237.29,13295.55,746.686436
28 Oct 2020 23:30:0,13274.17,13284,13241.76,13259.93,897.283683
28 Oct 2020 23:0:0,13195.01,13274.34,13190.79,13274.17,1141.827325
28 Oct 2020 22:30:0,13106.25,13212.46,13100,13195,716.634258
28 Oct 2020 22:0:0,13197.45,13201.76,13105.93,13105.94,714.705379
28 Oct 2020 21:30:0,13204.38,13225,13163.4,13197.44,987.772362
28 Oct 2020 21:0:0,13165.32,13214.47,13151.07,13204.39,873.673199
28 Oct 2020 20:30:0,13222.77,13255,13145.38,13165.31,1545.460282
28 Oct 2020 20:0:0,13209.87,13240,13174.16,13222.77,1523.140764
28 Oct 2020 19:30:0,13210,13240,13155.96,13209.86,1288.951846
28 Oct 2020 19:0:0,13182.89,13221.35,13134.33,13209.99,1341.734153
28 Oct 2020 18:30:0,13117.08,13219,13117.08,13182.88,1859.918262
28 Oct 2020 18:0:0,13142.02,13147.39,13000.01,13117.08,2212.036635
28 Oct 2020 17:30:0,13124.46,13158.17,13043.21,13142.02,2757.607113
28 Oct 2020 17:0:0,13221.26,13221.5,13122.2,13124.45,2509.618044
28 Oct 2020 16:30:0,13188.82,13242.3,13150.06,13221.26,2839.497936
28 Oct 2020 16:0:0,13069.26,13190,13040,13189.13,2557.715676
28 Oct 2020 15:30:0,13064.89,13136.87,13018.4,13069.26,2847.236148
28 Oct 2020 15:0:0,13106.31,13173,12888,13064.89,7554.613131
28 Oct 2020 14:30:0,13261.9,13288.4,13080,13106.31,4037.409925
28 Oct 2020 14:0:0,13293.51,13341.01,13255.45,13261.91,2533.771826
28 Oct 2020 13:30:0,13252.05,13296.33,13142.22,13293.51,3805.101158
28 Oct 2020 13:0:0,13318.33,13374.87,13211,13252.05,4140.686569
28 Oct 2020 12:30:0,13422.83,13435.75,13306.01,13318.33,3376.559529
28 Oct 2020 12:0:0,13561.12,13577.15,13327.13,13422.82,5408.768019
28 Oct 2020 11:30:0,13599.19,13637.62,13554.03,13561.12,1493.30452
28 Oct 2020 11:0:0,13606,13625.18,13524.5,13599.19,2181.798022
28 Oct 2020 10:30:0,13644.09,13664,13586.32,13606.01,1253.806335
28 Oct 2020 10:0:0,13685.61,13705.59,13605,13644.09,1244.829669
28 Oct 2020 9:30:0,13677.64,13688,13600,13685.61,1088.080262
28 Oct 2020 9:0:0,13664.36,13684.94,13570,13677.64,1605.04263
28 Oct 2020 8:30:0,13607.55,13674.55,13590.66,13664.37,1555.744832
28 Oct 2020 8:0:0,13709.38,13728.68,13506,13607.54,3549.320254
28 Oct 2020 7:30:0,13751.21,13778.5,13700.59,13709.37,849.49153
28 Oct 2020 7:0:0,13728.45,13775.5,13704.75,13751.2,1086.367333
28 Oct 2020 6:30:0,13729.54,13754.37,13692,13728.45,832.078352
28 Oct 2020 6:0:0,13743.59,13771.14,13676.91,13729.54,1835.921771
28 Oct 2020 5:30:0,13746.78,13791.04,13730,13743.59,819.897891
28 Oct 2020 5:0:0,13780,13825,13713,13746.77,1665.523911
28 Oct 2020 4:30:0,13817.46,13844.99,13771.11,13779.99,1316.874531
28 Oct 2020 4:0:0,13840,13845.73,13695,13817.46,2152.99884
28 Oct 2020 3:30:0,13771.11,13859.48,13758.1,13839.99,2857.381565
28 Oct 2020 3:0:0,13716.87,13775.32,13671.5,13771.5,1347.19399
28 Oct 2020 2:30:0,13691.29,13750,13685.56,13716.87,1263.345214
28 Oct 2020 2:0:0,13712.27,13727.36,13651.89,13691.29,906.225388
28 Oct 2020 1:30:0,13698.49,13750.44,13692.68,13712.27,1104.817257
28 Oct 2020 1:0:0,13636.16,13701.78,13601,13698.48,1061.448457
28 Oct 2020 0:30:0,13693.02,13693.03,13569.28,13636.17,2462.601262
28 Oct 2020 0:0:0,13730.41,13789.29,13677.36,13693.02,2134.480345
27 Oct 2020 23:30:0,13667.26,13738.89,13661.59,13730,1354.707013
27 Oct 2020 23:0:0,13692.58,13708.5,13633.18,13667.26,1213.596097
27 Oct 2020 22:30:0,13682.99,13745,13627.6,13692.58,1495.872081
27 Oct 2020 22:0:0,13602.53,13683.04,13595.55,13682.99,600.733297
27 Oct 2020 21:30:0,13673.73,13686.66,13570,13602.52,1583.130331
27 Oct 2020 21:0:0,13656.9,13710.63,13628.72,13673.73,1214.81744
27 Oct 2020 20:30:0,13635.65,13689,13628.47,13656.89,1048.573049
27 Oct 2020 20:0:0,13633.93,13654.09,13602.52,13635.66,1148.972783
27 Oct 2020 19:30:0,13569.97,13666.57,13567.29,13633.93,1810.687548
27 Oct 2020 19:0:0,13673.58,13745,13500,13568.96,3706.952702
27 Oct 2020 18:30:0,13622.4,13744,13611.04,13673.58,3136.807488
27 Oct 2020 18:0:0,13642.54,13666,13592.45,13622.39,2148.749463
27 Oct 2020 17:30:0,13583.01,13650,13543.96,13642.75,2235.008558
27 Oct 2020 17:0:0,13609.24,13646.96,13520,13580.5,3898.705223
27 Oct 2020 16:30:0,13448.99,13631,13434,13609.24,5144.399677
27 Oct 2020 16:0:0,13390.84,13488.83,13387,13448.99,2215.55711
27 Oct 2020 15:30:0,13346.68,13406.97,13346.49,13390.83,1160.457356
27 Oct 2020 15:0:0,13394.51,13419.11,13340,13346.68,1549.863073
27 Oct 2020 14:30:0,13424.98,13430,13320.27,13394.52,1959.229284
27 Oct 2020 14:0:0,13383.01,13440,13372.38,13424.97,1958.905831
27 Oct 2020 13:30:0,13403.35,13432.75,13330,13383.01,1775.109626
27 Oct 2020 13:0:0,13449.8,13460.97,13351,13403.35,2715.079612
27 Oct 2020 12:30:0,13449.73,13497,13380,13449.8,3752.242236
27 Oct 2020 12:0:0,13262.74,13469.25,13248.44,13449.73,5574.272618
27 Oct 2020 11:30:0,13192.32,13299.32,13172.99,13262.74,3276.191874
27 Oct 2020 11:0:0,13144.81,13200,13132.3,13192.32,1586.973548
27 Oct 2020 10:30:0,13117.18,13144.81,13089,13144.8,1030.235554
27 Oct 2020 10:0:0,13141.57,13145.9,13084.72,13117.19,1427.504435
27 Oct 2020 9:30:0,13148.99,13169,13130.06,13141.56,1035.85709
27 Oct 2020 9:0:0,13144.59,13170.21,13125,13149,1190.452189
27 Oct 2020 8:30:0,13109.61,13160,13098.28,13144.58,1615.752697
27 Oct 2020 8:0:0,13106.08,13128.47,13086.97,13109.62,986.762321
27 Oct 2020 7:30:0,13078.7,13106.09,13061.01,13106.09,860.318882
27 Oct 2020 7:0:0,13088.66,13100.72,13070.77,13078.71,695.325601
27 Oct 2020 6:30:0,13082.68,13111.69,13082.68,13088.65,673.00023
27 Oct 2020 6:0:0,13124.61,13144.49,13080.24,13082.68,774.336257
27 Oct 2020 5:30:0,13098.45,13125,13093.86,13124.6,576.581294
27 Oct 2020 5:0:0,13083.24,13112.67,13083.24,13098.46,524.235568
27 Oct 2020 4:30:0,13079.66,13095,13063.24,13083.24,568.604833
27 Oct 2020 4:0:0,13071.89,13113.93,13071.51,13079.67,503.753028
27 Oct 2020 3:30:0,13091.43,13121.75,13054.37,13071.89,716.41524
27 Oct 2020 3:0:0,13094.12,13125.44,13080.46,13091.42,638.164907
27 Oct 2020 2:30:0,13074.96,13107,13071.09,13094.12,593.452459
27 Oct 2020 2:0:0,13092.89,13098.92,13058.67,13074.96,508.410578
27 Oct 2020 1:30:0,13117.24,13129.19,13075.5,13092.89,855.586598
27 Oct 2020 1:0:0,13052.15,13118.78,13019.87,13117.24,1159.12771
27 Oct 2020 0:30:0,13067.61,13086.42,13051.69,13052.19,720.368286
27 Oct 2020 0:0:0,13043.21,13080,13033.5,13067.61,875.551625
26 Oct 2020 23:30:0,13034.25,13043.21,13010.54,13043.21,499.527742
26 Oct 2020 23:0:0,13013.72,13034.26,12983.26,13034.25,494.707475
26 Oct 2020 22:30:0,13024.38,13046.66,13007.49,13013.72,532.670648
26 Oct 2020 22:0:0,12996.09,13046.72,12996.07,13024.37,522.217635
26 Oct 2020 21:30:0,13028.85,13055.6,12995.62,12996.08,945.950452
26 Oct 2020 21:0:0,13004.49,13028.86,12987,13028.85,894.656768
26 Oct 2020 20:30:0,12983.99,13008.17,12948.01,13004.5,1157.954667
26 Oct 2020 20:0:0,12963.24,12988.6,12920.7,12983.99,1048.835469
26 Oct 2020 19:30:0,12944.31,12977.6,12929,12963.25,1371.378809
26 Oct 2020 19:0:0,12875.03,12950,12855,12944.31,1493.864078
26 Oct 2020 18:30:0,12886.96,12887.54,12765,12875.03,2805.416953
26 Oct 2020 18:0:0,12845.31,12928.37,12784,12886.96,2728.579855
26 Oct 2020 17:30:0,12976.36,12976.36,12780,12844.52,5191.860988
26 Oct 2020 17:0:0,12978.4,13043.01,12937,12976.36,2476.276295
26 Oct 2020 16:30:0,13107.39,13115.27,12900,12978.41,4579.255157
26 Oct 2020 16:0:0,13167.17,13168.6,13035,13107.39,2674.219081
26 Oct 2020 15:30:0,13183.78,13230,13131,13167.17,1598.194149
26 Oct 2020 15:0:0,13204.05,13228.79,13135.29,13183.78,1622.633785
26 Oct 2020 14:30:0,13191.99,13238.81,13157.69,13204.06,2264.217219
26 Oct 2020 14:0:0,13138.53,13192,13118.83,13192,1386.595578
26 Oct 2020 13:30:0,13115.15,13161.18,13107.28,13138.54,1042.896146
26 Oct 2020 13:0:0,13145.01,13160.52,13091,13115.16,1354.99272
26 Oct 2020 12:30:0,13161.21,13165.91,13116.35,13145,915.208281
26 Oct 2020 12:0:0,13108.66,13180,13108.27,13161.2,1776.344093
26 Oct 2020 11:30:0,13068.21,13118,13060.14,13108.67,982.709005
26 Oct 2020 11:0:0,13086.73,13089.99,13062.93,13068.21,718.931832
26 Oct 2020 10:30:0,13057.98,13103.81,13056.26,13086.72,696.209936
26 Oct 2020 10:0:0,13054.37,13085,13047.75,13057.98,604.127181
26 Oct 2020 9:30:0,12982.64,13086,12970,13054.38,1478.111505
26 Oct 2020 9:0:0,13037.08,13057.2,12930,12982.54,1690.689883
26 Oct 2020 8:30:0,13047.51,13068.88,13025.5,13037.08,675.011418
26 Oct 2020 8:0:0,13078.05,13092,13010,13047.51,1120.292186
26 Oct 2020 7:30:0,13090.38,13101.97,13055.8,13078.06,646.229622
26 Oct 2020 7:0:0,13103.43,13112.26,13077.81,13090.38,741.523321
26 Oct 2020 6:30:0,13147.36,13151.51,13088.87,13103.43,914.588669
26 Oct 2020 6:0:0,13109.33,13149,13099.07,13147.35,777.338141
26 Oct 2020 5:30:0,13073.63,13140.67,13073.63,13109.33,732.273213
26 Oct 2020 5:0:0,13094.33,13098.57,13046.8,13073.64,697.545783
26 Oct 2020 4:30:0,13098.38,13112.46,13084.64,13094.53,740.887446
26 Oct 2020 4:0:0,13087.69,13131.96,13087.69,13098.38,802.525726
26 Oct 2020 3:30:0,13118.84,13119.4,13079.13,13087.7,527.354964
26 Oct 2020 3:0:0,13074.06,13120,13056.83,13118.84,737.785597
26 Oct 2020 2:30:0,13077.67,13080.39,13047.34,13074.06,482.759076
26 Oct 2020 2:0:0,13049.25,13099.85,13048.64,13077.67,821.204136
26 Oct 2020 1:30:0,13007.87,13049.99,13000.11,13049.22,673.511304
26 Oct 2020 1:0:0,13029.64,13036.42,12971,13007.88,715.689088
26 Oct 2020 0:30:0,13031.41,13041.29,13015.03,13028.83,455.287701
26 Oct 2020 0:0:0,13011.97,13034.09,13007.81,13031.41,357.305607
25 Oct 2020 23:30:0,12998.45,13019.98,12986.11,13011.97,385.253018
25 Oct 2020 23:0:0,13023.94,13023.96,12981.2,12998.44,655.339495
25 Oct 2020 22:30:0,13005.6,13035.46,13003,13023.95,321.936861
25 Oct 2020 22:0:0,13020.58,13035.98,12993.72,13005.67,470.090999
25 Oct 2020 21:30:0,13035.4,13036.31,13014.92,13020.58,388.633064
25 Oct 2020 21:0:0,13042.17,13047.8,13025.27,13035.4,502.305657
25 Oct 2020 20:30:0,13007.46,13046.51,13001.69,13042.16,551.936417
25 Oct 2020 20:0:0,12985.59,13019.76,12980.07,13007.46,533.857654
25 Oct 2020 19:30:0,12975.84,13044,12960,12985.58,500.140958
25 Oct 2020 19:0:0,13001.99,13004.91,12945,12975.84,503.111063
25 Oct 2020 18:30:0,13009.73,13014.18,12988.8,13001.98,433.321972
25 Oct 2020 18:0:0,12999.99,13042.94,12992.78,13009.73,772.128051
25 Oct 2020 17:30:0,12982.82,13000,12981,12999.99,387.816807
25 Oct 2020 17:0:0,12940.51,13000,12910.54,12982.83,903.139307
25 Oct 2020 16:30:0,12975.6,12983.77,12932,12940.74,675.616594
25 Oct 2020 16:0:0,12985.99,13002.41,12975,12975.82,464.163729
25 Oct 2020 15:30:0,12990.15,13003.57,12969.97,12985.98,495.183356
25 Oct 2020 15:0:0,12983.22,13002.41,12971.79,12990.16,398.937036
25 Oct 2020 14:30:0,13009.03,13013,12982.23,12983.23,445.215204
25 Oct 2020 14:0:0,12972.34,13016.18,12950.04,13009.03,659.761592
25 Oct 2020 13:30:0,12980.28,12990,12962.78,12972.35,529.316876
25 Oct 2020 13:0:0,12951.73,12990,12934.21,12980.28,663.403888
25 Oct 2020 12:30:0,12936.33,12964.43,12903.58,12951.73,664.471371
25 Oct 2020 12:0:0,12982,12982.01,12895.09,12936.33,1356.894489
25 Oct 2020 11:30:0,12948.54,12989.03,12926.71,12982,672.994213
25 Oct 2020 11:0:0,12993.01,13001,12926.57,12948.54,939.920311
25 Oct 2020 10:30:0,12982.58,13019.72,12974.1,12993.01,663.084964
25 Oct 2020 10:0:0,13018.95,13018.95,12970.7,12982.58,655.096164
25 Oct 2020 9:30:0,12977.99,13026.56,12965.69,13018.94,737.843375
25 Oct 2020 9:0:0,13027.24,13027.93,12944,12977.59,927.246766
25 Oct 2020 8:30:0,13034.75,13035.57,12991.92,13027.24,707.106719
25 Oct 2020 8:0:0,13013.37,13035,13008.44,13034.76,499.549135
25 Oct 2020 7:30:0,12997.02,13049.99,12988.21,13013.36,936.345688
25 Oct 2020 7:0:0,12954.55,13020.32,12926.98,12997.02,1547.15313
25 Oct 2020 6:30:0,13271.08,13272.01,12888,12954.56,4897.053919
25 Oct 2020 6:0:0,13311.8,13311.8,13266.67,13271.08,726.312068
25 Oct 2020 5:30:0,13305.97,13323.89,13215,13311.81,1205.807994
25 Oct 2020 5:0:0,13295.5,13343.2,13253,13305.96,1370.814087
25 Oct 2020 4:30:0,13153.32,13350,13153.32,13295.5,4042.03967
25 Oct 2020 4:0:0,13127.36,13159.5,13127.35,13153.33,364.127652
25 Oct 2020 3:30:0,13152.8,13159.35,13124.25,13127.36,416.495314
25 Oct 2020 3:0:0,13138.84,13152.81,13117.1,13152.81,463.580159
25 Oct 2020 2:30:0,13125.66,13166.73,13125.07,13138.84,747.331502
25 Oct 2020 2:0:0,13131.68,13140,13111.83,13125.67,432.314435
25 Oct 2020 2:30:0,13101.02,13135,13094.78,13131.67,478.798056
25 Oct 2020 2:0:0,13111.73,13113.38,13067.39,13101.01,575.995417
25 Oct 2020 1:30:0,13075.01,13118.35,13075,13111.73,331.425654
25 Oct 2020 1:0:0,13068.54,13096,13065.5,13075,300.793109
25 Oct 2020 0:30:0,13080.88,13090,13056.89,13068.53,384.812094
25 Oct 2020 0:0:0,13059.77,13085.57,13035.73,13080.88,516.787399
24 Oct 2020 23:30:0,13117.77,13126.58,13031.46,13059.32,809.340184
24 Oct 2020 23:0:0,13091.87,13122.68,13080.01,13117.77,409.78838
24 Oct 2020 22:30:0,13120.96,13125,13083.35,13091.8,563.330621
24 Oct 2020 22:0:0,13118.24,13129,13085.94,13120.96,692.155932
24 Oct 2020 21:30:0,13106.29,13120.38,13072.81,13118.24,751.152059
24 Oct 2020 21:0:0,13103.81,13130,13098.13,13106.19,387.755337
24 Oct 2020 20:30:0,13105,13130,13096.04,13103.66,479.268404
24 Oct 2020 20:0:0,13126.54,13128.62,13080,13104.99,638.317009
24 Oct 2020 19:30:0,13105.11,13144.51,13102.76,13126.53,890.61294
24 Oct 2020 19:0:0,13076.95,13127.59,13076.2,13105.1,885.351315
24 Oct 2020 18:30:0,13059,13079.99,13034.48,13076.94,751.45365
24 Oct 2020 18:0:0,13100,13124.3,13025.42,13059,1505.576284
24 Oct 2020 17:30:0,13117,13155,13085,13100,1086.680501
24 Oct 2020 17:0:0,13067.01,13166.73,13067.01,13117.01,3311.754281
24 Oct 2020 16:30:0,12993.21,13080,12964.47,13067.01,1514.515862
24 Oct 2020 16:0:0,12989.3,13090,12930,12993.13,2738.750024
24 Oct 2020 15:30:0,12972.43,12997,12966.37,12989.3,627.268071
24 Oct 2020 15:0:0,12976.67,12987,12962.83,12972.43,565.527458
24 Oct 2020 14:30:0,12981.71,12999,12967.89,12976.66,544.760539
24 Oct 2020 14:0:0,12990.9,12998.85,12966.8,12981.72,586.754469
24 Oct 2020 13:30:0,12989.7,12999,12972.59,12990.9,817.09187
24 Oct 2020 13:0:0,12977.09,12991.65,12958.25,12989.7,493.974674
24 Oct 2020 12:30:0,12978.56,12990.26,12964.12,12977.09,846.113851
24 Oct 2020 12:0:0,12949.57,12979.3,12923.91,12978.56,661.655102
24 Oct 2020 11:30:0,12947.55,12956.89,12940.47,12949.56,514.633425
24 Oct 2020 11:0:0,12931,12948,12906.42,12947.55,623.735
24 Oct 2020 10:30:0,12914.21,12937.61,12906.53,12931,537.058066
24 Oct 2020 10:0:0,12924.79,12948.63,12907.08,12914.21,681.529705
24 Oct 2020 9:30:0,12956.71,12956.71,12914.17,12924.79,556.96272
24 Oct 2020 9:0:0,12946.76,12973.34,12937.19,12956.72,696.931459
24 Oct 2020 8:30:0,12947.43,12976.03,12944,12946.76,630.253073
24 Oct 2020 8:0:0,12964.81,12979.42,12945.27,12947.42,489.251297
24 Oct 2020 7:30:0,12965.63,12966.29,12932.25,12964.71,548.48926
24 Oct 2020 7:0:0,12966.32,12974,12942.19,12965.62,313.339606
24 Oct 2020 6:30:0,12977.42,12981.12,12949.9,12966.32,583.485886
24 Oct 2020 6:0:0,12967.74,13000,12967.73,12977.43,596.696158
24 Oct 2020 5:30:0,12986.42,12994.99,12955.43,12967.74,394.453583
24 Oct 2020 5:0:0,12989,13011.16,12974.11,12986.41,872.273745
24 Oct 2020 4:30:0,12979.87,12989,12956.18,12989,400.371421
24 Oct 2020 4:0:0,12963.76,12988.93,12946.93,12979.86,915.717447
24 Oct 2020 3:30:0,12940.62,12973.74,12940.62,12963.76,710.679446
24 Oct 2020 3:0:0,12905.82,12968,12902.81,12940.62,590.794593
24 Oct 2020 2:30:0,12882.8,12924.42,12878.43,12905.82,491.033598
24 Oct 2020 2:0:0,12923.06,12931.54,12870,12882.8,711.752509
24 Oct 2020 1:30:0,12950.47,12951.94,12920.67,12923.07,578.023584
24 Oct 2020 1:0:0,12934.53,12974,12923.85,12950.47,1010.820482
24 Oct 2020 0:30:0,12935.64,12942.92,12909.44,12934.53,656.899159
24 Oct 2020 0:0:0,12904.83,12937.44,12891.39,12935.63,561.566876
23 Oct 2020 23:30:0,12897.17,12933.15,12880.24,12904.83,598.36981
23 Oct 2020 23:0:0,12928.81,12930.19,12868.01,12897.17,736.88683
23 Oct 2020 22:30:0,12907.87,12941.33,12907,12927.6,757.194108
23 Oct 2020 22:0:0,12919.02,12924.86,12884.28,12907.87,997.374275
23 Oct 2020 21:30:0,12862.87,12919,12862.86,12918.99,902.403717
23 Oct 2020 21:0:0,12852.97,12876.11,12839.12,12862.86,892.280477
23 Oct 2020 20:30:0,12836.13,12875.61,12824.5,12852.97,836.90784
23 Oct 2020 20:0:0,12785.92,12844.72,12785.92,12836.12,793.666999
23 Oct 2020 19:30:0,12798.39,12805.99,12735.08,12785.92,916.289772
23 Oct 2020 19:0:0,12788.19,12870,12746.67,12798.39,1443.901903
23 Oct 2020 18:30:0,12829.97,12834.96,12720.08,12788.19,2434.429477
23 Oct 2020 18:0:0,12921.1,12950.72,12751.75,12829.96,3073.509936
23 Oct 2020 17:30:0,12941.87,12960,12913.46,12921.09,797.23386
23 Oct 2020 17:0:0,12931.68,12949.48,12890.85,12941.88,1194.824476
23 Oct 2020 16:30:0,12939.64,12960,12916,12932.08,1049.238473
23 Oct 2020 16:0:0,12953.43,12961.61,12902.41,12939.65,1360.624262
23 Oct 2020 15:30:0,13004.31,13012.06,12946.9,12952.75,957.47088
23 Oct 2020 15:0:0,12974,13011.99,12966.74,13004.31,1093.249955
23 Oct 2020 14:30:0,12951.01,12975.85,12938.76,12974.01,658.45017
23 Oct 2020 14:0:0,12968.96,12979.89,12931.17,12951.01,863.068133
23 Oct 2020 13:30:0,12990.26,13024.68,12957,12968.96,1250.297918
23 Oct 2020 13:0:0,13015.03,13026.59,12970,12990.26,1253.236834
23 Oct 2020 12:30:0,12967.68,13027.69,12956,13015.02,1275.76037
23 Oct 2020 12:0:0,12945.21,13013.81,12944.83,12967.68,1530.490975
23 Oct 2020 11:30:0,12965.58,12997.65,12932.45,12945.2,930.681955
23 Oct 2020 11:0:0,12917.45,12973.34,12910,12965.58,1190.544121
23 Oct 2020 10:30:0,12941.68,12946.8,12916.47,12917.44,684.807863
23 Oct 2020 10:0:0,12883.61,12958.51,12851.11,12941.69,1583.969057
23 Oct 2020 9:30:0,12892.93,12914.36,12862.82,12883.62,1031.846226
23 Oct 2020 9:0:0,12877.31,12922.96,12873.7,12892.93,932.478607
23 Oct 2020 8:30:0,12943.38,12954.67,12863.72,12877.31,1001.869696
23 Oct 2020 8:0:0,12988,12990,12895,12943.37,1021.404687
23 Oct 2020 7:30:0,12950.8,12989.64,12945.01,12988.01,843.455351
23 Oct 2020 7:0:0,12919.26,12973.93,12906.47,12950.88,811.06931
23 Oct 2020 6:30:0,12926.74,12959.81,12914.17,12919.31,855.503373
23 Oct 2020 6:0:0,12960.02,12976.25,12915.96,12926.74,718.317584
23 Oct 2020 5:30:0,12975.33,12977.05,12950,12960.01,603.36921
23 Oct 2020 5:0:0,12984.99,13002.33,12952.61,12975.33,874.327698
23 Oct 2020 4:30:0,12930.99,12991.65,12930.98,12985,925.306971
23 Oct 2020 4:0:0,12904.19,12939.99,12881.89,12931.52,720.166315
23 Oct 2020 3:30:0,12920.45,12942.67,12891.39,12904.19,554.863975
23 Oct 2020 3:0:0,12911.47,12937.86,12884.59,12920.45,1026.968865
23 Oct 2020 2:30:0,12910.5,12930.65,12831.13,12911.48,1641.986233
23 Oct 2020 2:0:0,12968.84,12971,12851.54,12910.5,1959.591193
23 Oct 2020 1:30:0,12999.21,13004.69,12934.35,12968.52,1067.307085
23 Oct 2020 1:0:0,13009.48,13063.79,12933.18,12999.21,2594.613982
23 Oct 2020 0:30:0,13146.74,13154.21,13002.22,13009.48,1594.289048
23 Oct 2020 0:0:0,13132.54,13185,13089.58,13146.61,1362.54765
22 Oct 2020 23:30:0,13134.42,13143.55,12915,13132.55,1864.555521
22 Oct 2020 23:0:0,13104.11,13147.27,13074,13134.42,932.059178
22 Oct 2020 22:30:0,13134.34,13174,13086.74,13104.11,1327.794816
22 Oct 2020 22:0:0,13072.47,13160,13072.47,13134.34,1303.227796
22 Oct 2020 21:30:0,13143.73,13145.23,13056.47,13072.48,2060.515494
22 Oct 2020 21:0:0,13042.49,13150,13021,13143.73,2176.869819
22 Oct 2020 20:30:0,13014.64,13053,13007.19,13042.48,924.11178
22 Oct 2020 20:0:0,13046.97,13062.18,13001.7,13014.65,1511.702745
22 Oct 2020 19:30:0,13036.57,13065,12940,13046.96,2175.613392
22 Oct 2020 19:0:0,13041.75,13074,12980.01,13036.57,1946.728526
22 Oct 2020 18:30:0,12952.76,13070.07,12926.27,13041.75,2172.07471
22 Oct 2020 18:0:0,12930,12990.18,12915.22,12952.75,1749.534542
22 Oct 2020 17:30:0,12940.33,12955.03,12912.33,12930,914.256083
22 Oct 2020 17:0:0,12925.04,12975.58,12903.55,12940.32,1640.36116
22 Oct 2020 16:30:0,12872.77,12928.6,12850.33,12925.13,1312.664209
22 Oct 2020 16:0:0,12921.49,12924.51,12840.19,12872.77,1542.268804
22 Oct 2020 15:30:0,12939.99,12964.1,12905.01,12921.5,1545.478808
22 Oct 2020 15:0:0,12850,12948.45,12837.98,12939.99,1592.047643
22 Oct 2020 14:30:0,12857.68,12872,12801,12850,1452.389276
22 Oct 2020 14:0:0,12967.01,12970.02,12823.39,12857.67,1954.801949
22 Oct 2020 13:30:0,12988.03,12989.41,12917,12967.01,1482.4074
22 Oct 2020 13:0:0,12959.8,13024.52,12933.58,12988.02,2328.611038
22 Oct 2020 12:30:0,12951.4,12979.16,12922,12959.79,1504.169972
22 Oct 2020 12:0:0,12873.62,12975,12846.44,12951.4,2161.792557
22 Oct 2020 11:30:0,12856.26,12899,12845.89,12873.63,1081.139978
22 Oct 2020 11:0:0,12809.88,12900,12700,12856.26,2614.424793
22 Oct 2020 10:30:0,12828.33,12850,12802.84,12809.88,1242.005523
22 Oct 2020 10:0:0,12751.54,12828.33,12736.26,12828.33,1073.498727
22 Oct 2020 9:30:0,12788.63,12790,12722.29,12751.55,1011.184255
22 Oct 2020 9:0:0,12810.5,12810.5,12760.64,12788.63,920.828107
22 Oct 2020 8:30:0,12813.47,12823.67,12774.25,12810.82,942.450548
22 Oct 2020 8:0:0,12762.07,12815.65,12755.14,12813.47,943.083235
22 Oct 2020 7:30:0,12785.92,12792.99,12752.55,12762.07,776.868298
22 Oct 2020 7:0:0,12752.49,12790.01,12700.1,12785.93,1170.811396
22 Oct 2020 6:30:0,12724.07,12755.92,12678.08,12752.5,1103.899157
22 Oct 2020 6:0:0,12718.26,12800,12703.51,12724.01,1055.701592
22 Oct 2020 5:30:0,12768.69,12782.4,12714.28,12718.26,865.719392
22 Oct 2020 5:0:0,12793.59,12809.19,12765.93,12768.7,671.778726
22 Oct 2020 4:30:0,12717.52,12793.59,12713.82,12793.59,648.392476
22 Oct 2020 4:0:0,12847.91,12863.16,12684.3,12718.11,1715.994579
22 Oct 2020 3:30:0,12885.06,12906.49,12846.78,12847.9,878.59747
22 Oct 2020 3:0:0,12905.01,12905.01,12848.2,12885.2,1107.641694
22 Oct 2020 2:30:0,12850.98,12913,12822.3,12905.01,1249.680598
22 Oct 2020 2:0:0,12780.75,12940,12763.22,12850.98,2770.328617
22 Oct 2020 1:30:0,12841.62,12878.24,12767.12,12780.96,2484.05252
22 Oct 2020 1:0:0,13198.51,13217.68,12640.27,12841.86,8508.760982
22 Oct 2020 0:30:0,13033.41,13200,13013.14,13198.5,4774.961313
22 Oct 2020 0:0:0,12910.57,13054.74,12890.5,13034.42,3656.752912
21 Oct 2020 23:30:0,12853.01,12944.15,12761.19,12910.57,2077.662991
21 Oct 2020 23:0:0,12835.49,12975,12806.1,12853.01,2338.27219
21 Oct 2020 22:30:0,12716.96,12839.94,12716.96,12835.49,1307.962929
21 Oct 2020 22:0:0,12680.74,12740.13,12669.98,12716.97,1264.89785
21 Oct 2020 21:30:0,12745.49,12774.93,12617.48,12680.75,2400.568937
21 Oct 2020 21:0:0,12761.61,12794.07,12729.74,12745.49,1274.878396
21 Oct 2020 20:30:0,12743.09,12801.65,12680.36,12761.61,1466.934102
21 Oct 2020 20:0:0,12760.17,12789.74,12720,12743.4,1603.042534
21 Oct 2020 19:30:0,12815.93,12838.59,12706.31,12760.17,2653.340811
21 Oct 2020 19:0:0,12824.34,12856.38,12797.57,12815.92,1703.647775
21 Oct 2020 18:30:0,12832.77,12889,12783.01,12824.35,2772.682667
21 Oct 2020 18:0:0,12735,12899.99,12717.01,12832.77,5823.312314
21 Oct 2020 17:30:0,12668.96,12735.01,12657.75,12735,2013.966839
21 Oct 2020 17:0:0,12730.01,12743.26,12582.1,12668.96,3109.475015
21 Oct 2020 16:30:0,12724.07,12761.98,12670.66,12730.01,3888.726966
21 Oct 2020 16:0:0,12476.04,12840,12423.73,12724.07,7368.563777
21 Oct 2020 15:30:0,12383.46,12488,12357.56,12475.83,2899.678271
21 Oct 2020 15:0:0,12410.04,12432.57,12373.47,12383.45,2486.121845
21 Oct 2020 14:30:0,12341.48,12438.68,12315,12410.05,3266.930156
21 Oct 2020 14:0:0,12334.36,12379,12275.58,12340.62,2646.104487
21 Oct 2020 13:30:0,12194.39,12379,12180,12335,3562.492626
21 Oct 2020 13:0:0,12216.81,12234.57,12191.69,12194.39,792.220021
21 Oct 2020 12:30:0,12221.74,12255,12212.68,12216.81,1037.181294
21 Oct 2020 12:0:0,12195,12228.96,12193.74,12221.74,1430.115876
21 Oct 2020 11:30:0,12193.68,12199.01,12175,12195.01,837.678019
21 Oct 2020 11:0:0,12149.05,12201.45,12129.72,12193.68,1405.212854
21 Oct 2020 10:30:0,12165.09,12177.42,12137.32,12149.06,1360.585074
21 Oct 2020 10:0:0,12198.14,12205,12155.68,12165.09,1174.742699
21 Oct 2020 9:30:0,12191.21,12204,12122.63,12198.15,1868.703472
21 Oct 2020 9:0:0,12232.77,12247.54,12178.95,12191.21,1776.971675
21 Oct 2020 8:30:0,12261.37,12263.16,12205.85,12232.76,1461.007685
21 Oct 2020 8:0:0,12229.07,12280,12229.06,12261.37,1186.078106
21 Oct 2020 7:30:0,12236.99,12268.71,12197.47,12229.08,1457.668972
21 Oct 2020 7:0:0,12267.97,12275,12216.33,12237,1447.880732
21 Oct 2020 6:30:0,12294.99,12295,12208.74,12267.97,1741.366201
21 Oct 2020 6:0:0,12182.3,12295,12169.16,12295,2344.264042
21 Oct 2020 5:30:0,12212.72,12223.42,12157,12182.31,2613.425579
21 Oct 2020 5:0:0,12120.52,12240,12120.52,12212.71,4249.768649
21 Oct 2020 4:30:0,12030,12130.45,12002,12120.51,3246.32785
21 Oct 2020 4:0:0,11988.08,12030.01,11970,12030,1089.603055
21 Oct 2020 3:30:0,12014.01,12014.01,11949.62,11988.26,1282.285708
21 Oct 2020 3:0:0,11975.85,12017.03,11974.86,12014.01,1463.281841
21 Oct 2020 2:30:0,11937.02,11983.73,11937.02,11975.55,1047.437501
21 Oct 2020 2:0:0,11910,11951.42,11886.95,11937.1,916.858657
21 Oct 2020 1:30:0,11926.21,11938.59,11885,11909.99,834.943103
21 Oct 2020 1:0:0,11950.66,11961.16,11919.22,11926.22,716.748683
21 Oct 2020 0:30:0,11927.94,11953.01,11918.22,11950.66,440.351263
21 Oct 2020 0:0:0,11922.53,11961,11921.61,11927.94,829.740987
20 Oct 2020 23:30:0,11914.67,11926.67,11877.49,11922.53,674.347061
20 Oct 2020 23:0:0,11897.92,11937.73,11896.53,11914.57,735.595848
20 Oct 2020 22:30:0,11880.85,11900.34,11856.9,11897.92,1045.786177
20 Oct 2020 22:0:0,11912.42,11912.79,11855,11880.85,1477.945165
20 Oct 2020 21:30:0,11948.79,11952.02,11911.17,11912.35,1096.737845
20 Oct 2020 21:0:0,11964.58,11981.2,11881,11948.79,1647.406733
20 Oct 2020 20:30:0,11927.9,11967,11927.9,11964.59,727.159544
20 Oct 2020 20:0:0,11962.81,11975,11910.02,11927.9,1917.83332
20 Oct 2020 19:30:0,11955.18,12038.38,11943.57,11962.82,4247.370488
20 Oct 2020 19:0:0,11964.66,11979,11953.77,11955.18,1028.848421
20 Oct 2020 18:30:0,11932.04,11971.92,11897.09,11964.66,1504.275137
20 Oct 2020 18:0:0,11926.02,11988,11915.9,11932.03,2095.069042
20 Oct 2020 17:30:0,11970.59,11985.98,11880,11926.4,2700.177462
20 Oct 2020 17:0:0,11914.28,11974.85,11897.92,11970.59,2686.625217
20 Oct 2020 16:30:0,11917.14,11945,11881.41,11914.85,1715.565286
20 Oct 2020 16:0:0,11929.99,11955,11871.15,11917.14,2535.059743
20 Oct 2020 15:30:0,11859.24,11944,11835.26,11929.99,2130.490068
20 Oct 2020 15:0:0,11878.42,11890,11826.7,11859.24,1454.043079
20 Oct 2020 14:30:0,11861,11890.81,11835.05,11878.41,1412.026336
20 Oct 2020 14:0:0,11778.85,11870,11765,11861,1521.674485
20 Oct 2020 13:30:0,11809.24,11820,11759.92,11778.86,1845.034612
20 Oct 2020 13:0:0,11835.29,11934,11713.11,11809.64,5222.005662
20 Oct 2020 12:30:0,11788.74,11845.32,11787.14,11834.79,1321.619137
20 Oct 2020 12:0:0,11785.2,11805.92,11774.13,11788.56,818.827497
20 Oct 2020 11:30:0,11759.97,11820,11756.06,11785.19,1082.205035
20 Oct 2020 11:0:0,11740.1,11761.23,11728.24,11759.44,717.579829
20 Oct 2020 10:30:0,11738.79,11762,11725.73,11740.1,778.804556
20 Oct 2020 10:0:0,11735.45,11749.73,11702.13,11738.78,1207.974249
20 Oct 2020 9:30:0,11834.75,11837.05,11707.01,11735.46,1837.030765
20 Oct 2020 9:0:0,11790.07,11849,11781.47,11834.75,1330.868049
20 Oct 2020 8:30:0,11776.95,11802,11771.86,11790.06,1238.057536
20 Oct 2020 8:0:0,11755.53,11779.82,11740.14,11776.95,775.725563
20 Oct 2020 7:30:0,11748.74,11760,11734.24,11755.53,821.887438
20 Oct 2020 7:0:0,11723.44,11750,11715,11748.73,582.262855
20 Oct 2020 6:30:0,11752.04,11752.19,11719.8,11723.43,539.981426
20 Oct 2020 6:0:0,11741,11756.66,11720.16,11752.04,593.20061
20 Oct 2020 5:30:0,11719.46,11765.96,11719.46,11741,736.689947
20 Oct 2020 5:0:0,11719.96,11732.67,11706.56,11719.46,392.502276
20 Oct 2020 4:30:0,11710.35,11729.65,11704.64,11719.95,331.463353
20 Oct 2020 4:0:0,11697.78,11718.98,11690.31,11710.35,470.666722
20 Oct 2020 3:30:0,11700.15,11711.02,11677.59,11697.78,685.725355
20 Oct 2020 3:0:0,11724.79,11736.02,11696.44,11700.15,513.595997
20 Oct 2020 2:30:0,11734.92,11745.81,11699.73,11724.8,530.3496
20 Oct 2020 2:0:0,11751.46,11755.22,11716.47,11734.91,584.872101
20 Oct 2020 1:30:0,11735.99,11752.98,11726.83,11751.47,589.11789
20 Oct 2020 1:0:0,11731.83,11742.02,11706.65,11735.99,698.49004
20 Oct 2020 0:30:0,11740.95,11775,11730.03,11731.83,816.127638
20 Oct 2020 0:0:0,11747.25,11750,11708.32,11740.95,650.084798
19 Oct 2020 23:30:0,11717.82,11753.67,11715.49,11747.25,472.193191
19 Oct 2020 23:0:0,11723.09,11757.41,11697.22,11717.83,910.770208
19 Oct 2020 22:30:0,11683.14,11728.99,11683.14,11723.08,746.41994
19 Oct 2020 22:0:0,11689.98,11691.74,11660.47,11683.14,515.115127
19 Oct 2020 21:30:0,11686.52,11691.04,11673.43,11689.99,535.74848
19 Oct 2020 21:0:0,11669.82,11695.87,11661.61,11686.52,1112.972852
19 Oct 2020 20:30:0,11733.62,11735.46,11666,11669.56,1679.973193
19 Oct 2020 20:0:0,11721.75,11749.75,11721.28,11733.62,885.08116
19 Oct 2020 19:30:0,11744.76,11753.21,11717.57,11721.75,936.675921
19 Oct 2020 19:0:0,11760.65,11773.84,11727.46,11744.76,1045.416772
19 Oct 2020 18:30:0,11771.18,11773.4,11747.73,11760.65,985.596454
19 Oct 2020 18:0:0,11800,11823.99,11760.11,11771.18,2380.49727
19 Oct 2020 17:30:0,11677.85,11820,11668.55,11800,3819.55372
19 Oct 2020 17:0:0,11651.83,11713.79,11637.72,11677.86,1766.862571
19 Oct 2020 16:30:0,11649,11656.98,11621.85,11651.82,1172.308962
19 Oct 2020 16:0:0,11640.8,11681.87,11612.84,11649,1963.589413
19 Oct 2020 15:30:0,11654.13,11671.81,11627.9,11640.73,1791.610206
19 Oct 2020 15:0:0,11515,11671.81,11515,11654.12,4632.613726
19 Oct 2020 14:30:0,11524.16,11532.01,11500.67,11515,1007.287793
19 Oct 2020 14:0:0,11477,11524.54,11472.46,11524.17,1179.84367
19 Oct 2020 13:30:0,11482.15,11532.01,11477,11477,1395.991233
19 Oct 2020 13:0:0,11479.74,11485.39,11472.76,11482.15,553.309996
19 Oct 2020 12:30:0,11465.34,11482.63,11459.35,11479.75,703.446463
19 Oct 2020 12:0:0,11487.52,11497,11462,11465.34,836.557026
19 Oct 2020 11:30:0,11455.21,11487.97,11455.19,11487.53,627.473937
19 Oct 2020 11:0:0,11466.39,11482.24,11454.98,11455.2,555.177253
19 Oct 2020 10:30:0,11464.06,11468.28,11456.25,11466.39,585.2647
19 Oct 2020 10:0:0,11462.39,11471.64,11447.23,11464.06,619.651753
19 Oct 2020 9:30:0,11451.61,11467.1,11444.97,11462.39,547.264272
19 Oct 2020 9:0:0,11450.15,11467.07,11443.59,11451.61,707.777776
19 Oct 2020 8:30:0,11447.59,11459,11436.88,11450.15,458.417485
19 Oct 2020 8:0:0,11442.09,11449.16,11423.7,11447.59,462.509762
19 Oct 2020 7:30:0,11433.2,11442.28,11422.24,11442.09,497.325764
19 Oct 2020 7:0:0,11442.01,11450.98,11432.99,11433.2,353.162069
19 Oct 2020 6:30:0,11443.47,11446.33,11437.68,11442.01,434.627878
19 Oct 2020 6:0:0,11416.25,11446.33,11407.96,11443.48,675.923624
19 Oct 2020 5:30:0,11426.71,11439.64,11407.96,11416.71,695.093979
19 Oct 2020 5:0:0,11455.45,11460.8,11425,11426.71,559.275449
19 Oct 2020 4:30:0,11451.94,11460.8,11435.03,11455.45,589.16184
19 Oct 2020 4:0:0,11462.1,11474.14,11450,11451.93,403.111113
19 Oct 2020 3:30:0,11463.63,11468.54,11459.57,11461.54,368.296848
19 Oct 2020 3:0:0,11469.06,11477.54,11460.44,11463.63,495.207923
19 Oct 2020 2:30:0,11473.24,11475.49,11445.03,11469.34,618.544329
19 Oct 2020 2:0:0,11503.14,11535,11465.99,11473.24,1378.011225
19 Oct 2020 1:30:0,11466.63,11505,11462.74,11503.14,1465.655536
19 Oct 2020 1:0:0,11460.47,11490,11452.15,11466.63,459.483575
19 Oct 2020 0:30:0,11455.4,11476.63,11446.02,11460.47,330.572696
19 Oct 2020 0:0:0,11454.35,11465,11448.13,11455.4,256.294815
18 Oct 2020 23:30:0,11453.96,11464.84,11443.57,11454.35,339.655671
18 Oct 2020 23:0:0,11439.77,11455,11437.53,11453.96,258.481548
18 Oct 2020 22:30:0,11426.91,11442.63,11426.91,11439.77,276.621734
18 Oct 2020 22:0:0,11432.23,11436.69,11413.96,11426.91,400.237736
18 Oct 2020 21:30:0,11447.77,11447.77,11431.68,11432.24,276.588419
18 Oct 2020 21:0:0,11440.01,11449.94,11436.55,11447.77,295.709505
18 Oct 2020 20:30:0,11460.97,11465.01,11440,11440,379.004168
18 Oct 2020 20:0:0,11464.74,11478.47,11460.08,11460.97,347.806942
18 Oct 2020 19:30:0,11452.24,11468.07,11439.96,11464.75,588.593942
18 Oct 2020 19:0:0,11455.83,11457.18,11442.99,11452.23,521.31034
18 Oct 2020 18:30:0,11447.25,11464.29,11442.63,11455.83,534.309446
18 Oct 2020 18:0:0,11447.05,11452.6,11429.88,11447.25,518.288143
18 Oct 2020 17:30:0,11430.18,11461.82,11427.99,11446.68,564.220113
18 Oct 2020 17:0:0,11434.74,11443.31,11427.61,11430.17,437.210473
18 Oct 2020 16:30:0,11459.39,11470.72,11418.47,11434.73,760.591202
18 Oct 2020 16:0:0,11437.85,11482.24,11429.98,11459.39,1700.335958
18 Oct 2020 15:30:0,11428.04,11441,11418.71,11438.06,404.629559
18 Oct 2020 15:0:0,11417.28,11438,11417.11,11428.03,417.893803
18 Oct 2020 14:30:0,11426.82,11427.62,11407.61,11417.7,410.172847
18 Oct 2020 14:0:0,11420.62,11431.47,11419.61,11426.83,329.606643
18 Oct 2020 13:30:0,11426.83,11430.05,11414.02,11420.62,345.241151
18 Oct 2020 13:0:0,11420.93,11429.9,11411.7,11426.82,332.747903
18 Oct 2020 12:30:0,11417.7,11424.95,11406.14,11420.93,417.162437
18 Oct 2020 12:0:0,11406.16,11419.97,11402.76,11417.7,464.559152
18 Oct 2020 11:30:0,11432.56,11432.57,11398.41,11406.16,516.592634
18 Oct 2020 11:0:0,11429.12,11434.81,11412.53,11432.57,432.18227
18 Oct 2020 10:30:0,11425.34,11433.45,11419.44,11429.12,375.491484
18 Oct 2020 10:0:0,11455.4,11477.96,11419.29,11425.34,883.908667
18 Oct 2020 9:30:0,11438.31,11456,11430.47,11455.4,531.752144
18 Oct 2020 9:0:0,11450.23,11458.54,11431.36,11438.66,634.460391
18 Oct 2020 8:30:0,11383.11,11464.99,11383.1,11450.22,1265.802006
18 Oct 2020 8:0:0,11391.33,11397.79,11381.86,11383.1,420.140522
18 Oct 2020 7:30:0,11375.22,11396.69,11375.22,11391.33,349.051877
18 Oct 2020 7:0:0,11371.35,11382.73,11369.34,11375.22,296.215942
18 Oct 2020 6:30:0,11382.09,11386.49,11366.87,11371.47,321.814583
18 Oct 2020 6:0:0,11368.02,11387.8,11367.91,11382.09,313.84321
18 Oct 2020 5:30:0,11381.17,11381.17,11364.51,11368.02,190.176869
18 Oct 2020 5:0:0,11377.42,11384,11371.24,11381.17,188.074433
18 Oct 2020 4:30:0,11369.41,11384.39,11368.3,11377.42,261.628346
18 Oct 2020 4:0:0,11390.62,11397,11366.22,11369.42,441.589672
18 Oct 2020 3:30:0,11390.78,11398,11378.5,11390.61,674.911233
18 Oct 2020 3:0:0,11370.48,11390.77,11370.38,11390.77,463.539729
18 Oct 2020 2:30:0,11372.71,11385.99,11353.42,11370.47,498.230291
18 Oct 2020 2:0:0,11360.31,11376.96,11346.22,11372.71,391.649431
18 Oct 2020 1:30:0,11349.39,11373.18,11349.27,11360.2,410.245004
18 Oct 2020 1:0:0,11343.5,11360.04,11341.69,11349.28,327.213172
18 Oct 2020 0:30:0,11338.59,11351.87,11336.71,11343.5,178.514414
18 Oct 2020 0:0:0,11341.87,11352.87,11334.82,11338.6,252.478018
17 Oct 2020 23:30:0,11355.1,11355.87,11337.17,11341.8,259.381266
17 Oct 2020 23:0:0,11348.97,11364.98,11348.5,11355.1,305.612912
17 Oct 2020 22:30:0,11325,11363,11325,11348.97,480.854949
17 Oct 2020 22:0:0,11342.21,11345.48,11325,11325,313.210487
17 Oct 2020 21:30:0,11360,11360,11336.75,11342.21,311.530421
17 Oct 2020 21:0:0,11346.88,11360,11337.91,11360,414.985094
17 Oct 2020 20:30:0,11340.31,11347.61,11332.24,11346.87,249.743589
17 Oct 2020 20:0:0,11341.5,11346.03,11332,11340.3,344.517589
17 Oct 2020 19:30:0,11325.7,11346,11319.14,11341.5,326.328318
17 Oct 2020 19:0:0,11327.11,11333.47,11300,11325.71,459.482241
17 Oct 2020 18:30:0,11332.67,11332.74,11305,11327.11,647.060618
17 Oct 2020 18:0:0,11337.54,11343.76,11320.19,11332.66,462.327917
17 Oct 2020 17:30:0,11347.43,11350.5,11324.89,11337.54,489.467322
17 Oct 2020 17:0:0,11356.74,11402.42,11333.14,11347.43,1697.328415
17 Oct 2020 16:30:0,11332.77,11365.32,11255,11356.74,1957.003214
17 Oct 2020 16:0:0,11322.84,11338.76,11322,11332.77,371.224886
17 Oct 2020 15:30:0,11327.37,11341.73,11311,11322.84,520.926867
17 Oct 2020 15:0:0,11345.4,11352.03,11323.93,11327.37,354.581948
17 Oct 2020 14:30:0,11334.41,11348.68,11320,11345.39,575.14451
17 Oct 2020 14:0:0,11343.29,11344.76,11331.12,11334.42,490.395625
17 Oct 2020 13:30:0,11345.04,11355,11333.9,11343.13,509.8056
17 Oct 2020 13:0:0,11349.92,11349.92,11335.63,11345.04,508.092385
17 Oct 2020 12:30:0,11340.06,11350.01,11330.51,11349.91,408.691749
17 Oct 2020 12:0:0,11336.29,11347.03,11328.71,11340.05,358.558231
17 Oct 2020 11:30:0,11320.12,11339.76,11308.63,11336.54,462.580983
17 Oct 2020 11:0:0,11315.6,11331.88,11312.94,11320.11,420.619386
17 Oct 2020 10:30:0,11339.75,11351.78,11314.92,11315.59,536.205244
17 Oct 2020 10:0:0,11344.99,11358.88,11334.17,11339.75,453.455799
17 Oct 2020 9:30:0,11341.36,11362.08,11337,11344.98,353.314159
17 Oct 2020 9:0:0,11346.02,11354,11338.37,11341.36,262.66068
17 Oct 2020 8:30:0,11378.7,11379.92,11336.29,11345.92,505.12196
17 Oct 2020 8:0:0,11349.97,11378.7,11338.92,11378.7,460.299093
17 Oct 2020 7:30:0,11335.82,11353.05,11334.61,11349.97,295.210137
17 Oct 2020 7:0:0,11348.12,11359.62,11335.54,11335.82,246.391115
17 Oct 2020 6:30:0,11343.04,11353.58,11337.91,11348.12,207.787188
17 Oct 2020 6:0:0,11363,11365,11343.04,11343.04,316.767163
17 Oct 2020 5:30:0,11331.48,11363.26,11331.48,11363.01,562.324628
17 Oct 2020 5:0:0,11343.95,11345.7,11324.41,11331.48,379.390154
17 Oct 2020 4:30:0,11342.69,11349,11330.62,11343.95,314.343211
17 Oct 2020 4:0:0,11327.51,11344.95,11321.84,11342.69,407.586201
17 Oct 2020 3:30:0,11321.19,11346.75,11309.65,11327.52,483.876153
17 Oct 2020 3:0:0,11296.75,11324.98,11290.96,11321.19,302.623903
17 Oct 2020 2:30:0,11289.85,11298.43,11272.48,11296.76,919.154066
17 Oct 2020 2:0:0,11319.24,11325.96,11289.85,11289.85,494.497257
17 Oct 2020 1:30:0,11324.93,11344.11,11304.68,11319.32,432.081416
17 Oct 2020 1:0:0,11345.56,11348.85,11293,11324.94,535.310928
17 Oct 2020 0:30:0,11341.99,11348.13,11335.12,11345.56,370.96466
17 Oct 2020 0:0:0,11333.58,11349,11316.22,11342,347.037699
16 Oct 2020 23:30:0,11308.43,11341.61,11308.22,11333.59,388.81896
16 Oct 2020 23:0:0,11313.1,11320.01,11299.31,11308.43,470.53735
16 Oct 2020 22:30:0,11291.54,11313.1,11290.7,11313.09,555.801242
16 Oct 2020 22:0:0,11308.23,11315.16,11273.75,11291.48,1156.233749
16 Oct 2020 21:30:0,11347.16,11355,11307.89,11308.11,736.073305
16 Oct 2020 21:0:0,11363.28,11364.97,11338.01,11347.16,428.072828
16 Oct 2020 20:30:0,11358.35,11367.91,11354.57,11363.28,486.948315
16 Oct 2020 20:0:0,11334.99,11362.66,11333.61,11358.35,647.806147
16 Oct 2020 19:30:0,11341.95,11344.12,11315.09,11334.99,635.065998
16 Oct 2020 19:0:0,11344.53,11355.94,11299.87,11341.95,791.068487
16 Oct 2020 18:30:0,11340.29,11347.91,11327.3,11344.53,657.345026
16 Oct 2020 18:0:0,11331.19,11353.69,11310,11340.28,909.69141
16 Oct 2020 17:30:0,11311.16,11331.19,11301.62,11331.19,747.393421
16 Oct 2020 17:0:0,11329.12,11338.85,11281.65,11311.15,1123.067419
16 Oct 2020 16:30:0,11377.8,11379.66,11309.08,11329.12,1077.399687
16 Oct 2020 16:0:0,11349.81,11382.38,11348.91,11377.8,818.032681
16 Oct 2020 15:30:0,11358.85,11362.98,11334,11349.81,633.927609
16 Oct 2020 15:0:0,11368.15,11385.7,11344.47,11358.85,729.766742
16 Oct 2020 14:30:0,11366.62,11394.69,11351.58,11368.15,903.170335
16 Oct 2020 14:0:0,11369.27,11377.61,11340.88,11366.61,1085.538017
16 Oct 2020 13:30:0,11320.9,11397.18,11306.38,11369.34,1636.486753
16 Oct 2020 13:0:0,11305.11,11346.93,11300.82,11320.91,822.786792
16 Oct 2020 12:30:0,11291.97,11333.25,11284.85,11305.99,1071.083703
16 Oct 2020 12:0:0,11251.97,11293.81,11249,11292.08,993.443523
16 Oct 2020 11:30:0,11264.72,11283.45,11222.51,11251.98,1463.149617
16 Oct 2020 11:0:0,11304.04,11304.04,11212,11264.73,2693.064863
16 Oct 2020 10:30:0,11324.71,11324.71,11302,11304.03,792.046909
16 Oct 2020 10:0:0,11305.87,11344.29,11300.75,11324.71,1252.826966
16 Oct 2020 9:30:0,11329.99,11337.23,11305.58,11305.87,1032.634589
16 Oct 2020 9:0:0,11331.58,11338.06,11316.13,11329.99,1094.685051
16 Oct 2020 8:30:0,11337.25,11341.22,11310.11,11331.58,1123.649107
16 Oct 2020 8:0:0,11343.85,11356.76,11322.26,11337.24,1048.428668
16 Oct 2020 7:30:0,11314.92,11361.76,11308.75,11343.86,1009.864833
16 Oct 2020 7:0:0,11275.57,11355.12,11264.79,11314.92,1899.675131
16 Oct 2020 6:30:0,11259.69,11297.82,11245,11275.57,2532.785568
16 Oct 2020 6:0:0,11507.97,11507.97,11200,11260.78,7343.149747
16 Oct 2020 5:30:0,11490.43,11508.53,11484.41,11507.97,431.588399
16 Oct 2020 5:0:0,11518.44,11531.2,11489.99,11490.53,508.848188
16 Oct 2020 4:30:0,11521.2,11530,11516.17,11518.44,468.408009
16 Oct 2020 4:0:0,11526.65,11535.35,11510.25,11521.2,495.813789
16 Oct 2020 3:30:0,11530.12,11540,11521.58,11526.65,475.373865
16 Oct 2020 3:0:0,11505.12,11541.15,11502.5,11530.12,817.466034
16 Oct 2020 2:30:0,11494.06,11508.22,11488.69,11505.13,440.562312
16 Oct 2020 2:0:0,11505.13,11510,11470,11494.49,682.773655
16 Oct 2020 1:30:0,11500.85,11505.76,11481.38,11505.12,513.168153
16 Oct 2020 1:0:0,11480.97,11505.59,11471.08,11500.88,577.996311
16 Oct 2020 0:30:0,11509.83,11511.23,11476,11480.91,557.595066
16 Oct 2020 0:0:0,11492.96,11519.98,11490.9,11509.83,745.576263
15 Oct 2020 23:30:0,11500,11523.41,11478.96,11492.96,1038.539927
15 Oct 2020 23:0:0,11542.97,11573.41,11400.86,11499.99,2195.876873
15 Oct 2020 22:30:0,11533.9,11550,11522.67,11542.97,1050.332188
15 Oct 2020 22:0:0,11520.93,11617.34,11519.74,11533.9,2391.052403
15 Oct 2020 21:30:0,11519.84,11535,11500.66,11520.93,1138.176507
15 Oct 2020 21:0:0,11467.14,11534.73,11466.6,11519.66,1717.089067
15 Oct 2020 20:30:0,11457.44,11485.28,11455.14,11467.21,771.339468
15 Oct 2020 20:0:0,11461.57,11486.28,11449.98,11457.32,1041.130893
15 Oct 2020 19:30:0,11423.79,11483.9,11420.34,11461.57,2078.783945
15 Oct 2020 19:0:0,11381.33,11431.25,11380,11423.79,1119.069913
15 Oct 2020 18:30:0,11444.47,11455.61,11363.37,11381.34,1580.262117
15 Oct 2020 18:0:0,11398.6,11475.99,11387.3,11444.47,1666.959318
15 Oct 2020 17:30:0,11391.22,11414.4,11378.53,11398.22,952.860509
15 Oct 2020 17:0:0,11388.7,11411.03,11375.08,11391.22,834.451838
15 Oct 2020 16:30:0,11384.91,11388.72,11361.89,11388.7,884.669045
15 Oct 2020 16:0:0,11404.33,11406.01,11376.05,11384.9,834.637387
15 Oct 2020 15:30:0,11360,11416.15,11353.51,11404.33,1248.18732
15 Oct 2020 15:0:0,11376.21,11397.19,11359.82,11359.99,979.889373
15 Oct 2020 14:30:0,11376.06,11397.88,11358,11376.21,1453.65123
15 Oct 2020 14:0:0,11315.38,11383.78,11275.01,11376.06,2129.172
15 Oct 2020 13:30:0,11332.44,11339.67,11308.12,11315.37,571.728671
15 Oct 2020 13:0:0,11332,11337.42,11311.32,11332.44,972.338844
15 Oct 2020 12:30:0,11321.88,11334.94,11305,11332,713.146175
15 Oct 2020 12:0:0,11313.39,11340.6,11300.42,11321.6,1299.83285
15 Oct 2020 11:30:0,11325.62,11327.91,11250.83,11313.38,2494.337132
15 Oct 2020 11:0:0,11342.43,11348.29,11297,11325.62,1530.05272
15 Oct 2020 10:30:0,11358.53,11372,11329.12,11342.42,1340.83405
15 Oct 2020 10:0:0,11396.82,11403.83,11358,11358.53,783.71322
15 Oct 2020 9:30:0,11382.99,11399.33,11375,11396.83,613.892863
15 Oct 2020 9:0:0,11394.94,11407.1,11375,11383,625.278484
15 Oct 2020 8:30:0,11390.72,11422.93,11390.54,11395.3,809.134545
15 Oct 2020 8:0:0,11403.79,11403.79,11380.85,11390.71,643.662059
15 Oct 2020 7:30:0,11379.55,11412.65,11373.41,11403.95,841.373736
15 Oct 2020 7:0:0,11388.73,11398.88,11376.99,11379.66,671.906089
15 Oct 2020 6:30:0,11382.52,11403.14,11382.52,11388.73,535.206436
15 Oct 2020 6:0:0,11378.96,11385.69,11366.3,11382.53,485.730714
15 Oct 2020 5:30:0,11373.31,11380.21,11365.33,11378.96,346.319273
15 Oct 2020 5:0:0,11361.58,11375,11354.46,11373.31,526.902866
15 Oct 2020 4:30:0,11380.91,11402.39,11359.39,11361.57,664.98072
15 Oct 2020 4:0:0,11389.6,11399.96,11370.42,11380.92,432.792853
15 Oct 2020 3:30:0,11378.43,11393.21,11371.41,11389.9,611.182788
15 Oct 2020 3:0:0,11391.7,11412.88,11374.97,11379.16,693.196795
15 Oct 2020 2:30:0,11398.8,11400.58,11387.14,11391.69,533.517216
15 Oct 2020 2:0:0,11417.89,11427.98,11398.8,11398.8,519.189466
15 Oct 2020 1:30:0,11392.69,11434.47,11390.24,11417.89,756.09673
15 Oct 2020 1:0:0,11394.28,11404,11378.33,11392.69,509.372767
15 Oct 2020 0:30:0,11388.95,11397.31,11374.51,11394.27,554.297892
15 Oct 2020 0:0:0,11368.68,11408.02,11368.07,11388.94,483.235285
14 Oct 2020 23:30:0,11385.04,11398.14,11364.58,11368.68,450.503897
14 Oct 2020 23:0:0,11381.65,11404,11375.52,11385.04,514.020935
14 Oct 2020 22:30:0,11371.63,11386.56,11356.67,11381.64,429.264026
14 Oct 2020 22:0:0,11342.25,11376.24,11336.93,11371.46,634.059767
14 Oct 2020 21:30:0,11348.65,11365.8,11337.5,11342.25,771.37629
14 Oct 2020 21:0:0,11333.77,11369.79,11331.1,11348.64,881.69948
14 Oct 2020 20:30:0,11333.24,11344.45,11287.01,11333.77,1130.313185
14 Oct 2020 20:0:0,11337.37,11349.53,11318.2,11333.24,838.355088
14 Oct 2020 19:30:0,11337.14,11349.4,11328.41,11337.37,775.672169
14 Oct 2020 19:0:0,11339.68,11345.9,11318,11337.14,1002.86629
14 Oct 2020 18:30:0,11347.87,11354.88,11326.39,11339.68,908.484977
14 Oct 2020 18:0:0,11320.76,11356.44,11297.63,11347.87,1528.432949
14 Oct 2020 17:30:0,11390.46,11401.77,11280,11320.76,2621.602804
14 Oct 2020 17:0:0,11385.63,11411.21,11367.83,11390.46,1119.841264
14 Oct 2020 16:30:0,11385.65,11408.78,11357.2,11385.63,1876.318922
14 Oct 2020 16:0:0,11530.98,11536.38,11370,11385.64,2357.159397
14 Oct 2020 15:30:0,11406.56,11547.98,11402.19,11530.98,3025.386304
14 Oct 2020 15:0:0,11406.17,11419.16,11398.74,11406.55,671.669221
14 Oct 2020 14:30:0,11393.5,11406.17,11385.97,11406.17,771.816911
14 Oct 2020 14:0:0,11362.93,11404.76,11350.92,11393.51,907.490119
14 Oct 2020 13:30:0,11409.29,11409.3,11360.71,11362.92,620.380928
14 Oct 2020 13:0:0,11374.09,11413.19,11366.94,11409.3,731.10834
14 Oct 2020 12:30:0,11392.68,11394.24,11357,11374.08,1146.039523
14 Oct 2020 12:0:0,11417.39,11426.76,11371.37,11392.69,900.890512
14 Oct 2020 11:30:0,11420.2,11423.32,11396.77,11417.4,686.264508
14 Oct 2020 11:0:0,11436.73,11448,11418.86,11420.19,580.206247
14 Oct 2020 10:30:0,11425.26,11446.05,11425.26,11436.72,722.50965
14 Oct 2020 10:0:0,11415.03,11441.9,11412.8,11425.26,889.17341
14 Oct 2020 9:30:0,11398.85,11415.04,11394.6,11415.04,455.251822
14 Oct 2020 9:0:0,11421.34,11427.62,11382.7,11398.85,737.755405
14 Oct 2020 8:30:0,11405.29,11422.99,11394.78,11421.33,638.880202
14 Oct 2020 8:0:0,11411.31,11414.9,11386.47,11405.28,765.551667
14 Oct 2020 7:30:0,11399.5,11415.18,11387.09,11411.31,597.361926
14 Oct 2020 7:0:0,11394.67,11410,11376.82,11399.51,640.688892
14 Oct 2020 6:30:0,11414.57,11416.2,11391.75,11394.65,529.408737
14 Oct 2020 6:0:0,11390,11416.13,11361,11414.58,1127.774458
14 Oct 2020 5:30:0,11431.58,11449,11390,11390,810.638374
14 Oct 2020 5:0:0,11422.7,11444.89,11422.7,11431.59,299.904265
14 Oct 2020 4:30:0,11440.95,11449.37,11416.87,11422.64,453.054527
14 Oct 2020 4:0:0,11447.7,11448.73,11420.18,11440.94,531.907581
14 Oct 2020 3:30:0,11439.9,11451.14,11435.25,11447.7,378.57296
14 Oct 2020 3:0:0,11475.53,11484,11437.1,11439.9,487.60812
14 Oct 2020 2:30:0,11451.32,11486.96,11450.74,11475.52,583.253916
14 Oct 2020 2:0:0,11420.57,11457.57,11408,11451.32,581.583376
14 Oct 2020 1:30:0,11429.68,11432.67,11408,11420.56,356.551727
14 Oct 2020 1:0:0,11436.02,11450,11427.52,11429.68,378.677564
14 Oct 2020 0:30:0,11435.01,11444.87,11415.18,11436.02,368.209396
14 Oct 2020 0:0:0,11446.58,11455,11425,11435.01,482.756452
13 Oct 2020 23:30:0,11445.23,11460.16,11419,11446.65,588.942801
13 Oct 2020 23:0:0,11425.01,11458.75,11417.53,11445.23,567.118256
13 Oct 2020 22:30:0,11422.34,11429.23,11406.2,11425.01,472.118628
13 Oct 2020 22:0:0,11387.83,11427.75,11386.26,11422.45,681.87429
13 Oct 2020 21:30:0,11415.5,11435.26,11386.33,11387.83,780.755279
13 Oct 2020 21:0:0,11378.14,11416.12,11367.49,11415.5,795.622316
13 Oct 2020 20:30:0,11394.13,11394.13,11355.89,11378.13,907.33371
13 Oct 2020 20:0:0,11354.3,11399.34,11343.25,11394.13,959.07157
13 Oct 2020 19:30:0,11385.54,11388,11349.79,11354.3,788.541265
13 Oct 2020 19:0:0,11394.71,11401.39,11372.41,11385.54,580.813464
13 Oct 2020 18:30:0,11387.12,11400.26,11360.69,11394.63,870.45922
13 Oct 2020 18:0:0,11385.15,11392.84,11340.78,11387.42,1298.945739
13 Oct 2020 17:30:0,11388.83,11411,11378.55,11385.15,837.6024
13 Oct 2020 17:0:0,11390.25,11421.44,11371.33,11388.82,977.635976
13 Oct 2020 16:30:0,11371.37,11392.71,11357.98,11390.25,1104.695213
13 Oct 2020 16:0:0,11349.7,11375.28,11300,11371.36,2183.400469
13 Oct 2020 15:30:0,11423.1,11423.11,11321.39,11349.69,2678.848917
13 Oct 2020 15:0:0,11447.97,11447.97,11383.02,11423.1,1520.789348
13 Oct 2020 14:30:0,11484.17,11493.22,11425.19,11447.96,1162.622128
13 Oct 2020 14:0:0,11486.37,11507.2,11465,11484.24,728.989152
13 Oct 2020 13:30:0,11509.23,11525.71,11463.83,11486.36,1137.441404
13 Oct 2020 13:0:0,11516.88,11526.13,11495.81,11509.24,683.301633
13 Oct 2020 12:30:0,11519.37,11557,11513.35,11516.89,1181.987108
13 Oct 2020 12:0:0,11468.31,11523.67,11370.55,11519.59,2334.247215
13 Oct 2020 11:30:0,11482.42,11489.55,11462.03,11468.31,632.623432
13 Oct 2020 11:0:0,11488.44,11492.29,11462.98,11482.43,606.577026
13 Oct 2020 10:30:0,11462.55,11489.18,11462.54,11488.42,698.136485
13 Oct 2020 10:0:0,11452.21,11473.87,11442.85,11462.55,778.692422
13 Oct 2020 9:30:0,11447.8,11465,11436.57,11452,663.997207
13 Oct 2020 9:0:0,11479.56,11479.56,11426.49,11447.8,922.522278
13 Oct 2020 8:30:0,11493.76,11494.63,11460.98,11479.57,507.485495
13 Oct 2020 8:0:0,11507.82,11509.48,11476.1,11493.75,704.966638
13 Oct 2020 7:30:0,11513.76,11520,11503.27,11507.82,549.428949
13 Oct 2020 7:0:0,11481.53,11514.43,11478.11,11513.77,591.887581
13 Oct 2020 6:30:0,11464.9,11486.37,11464.9,11481.52,385.422895
13 Oct 2020 6:0:0,11458.24,11482.72,11447.84,11464.91,613.500955
13 Oct 2020 5:30:0,11460.1,11474.32,11449.93,11458.24,662.320958
13 Oct 2020 5:0:0,11487.64,11487.64,11413,11460.1,1234.839131
13 Oct 2020 4:30:0,11468.7,11507.79,11462.5,11487.8,630.058168
13 Oct 2020 4:0:0,11502.7,11503.21,11460.41,11468.7,853.862593
13 Oct 2020 3:30:0,11485.09,11512.02,11468.71,11502.7,698.328839
13 Oct 2020 3:0:0,11493.35,11500.15,11451.66,11485.1,742.912605
13 Oct 2020 2:30:0,11524.04,11528.47,11431,11493.35,1287.981345
13 Oct 2020 2:0:0,11528.24,11544.87,11478.88,11524.05,1030.386067
13 Oct 2020 1:30:0,11551.57,11555.03,11482.18,11528.25,1082.483215
13 Oct 2020 1:0:0,11658.06,11659.31,11477,11551.57,2353.502781
13 Oct 2020 0:30:0,11673.87,11681.55,11631.17,11658.06,1001.192215
13 Oct 2020 0:0:0,11684.16,11700,11672.65,11673.87,965.077341
12 Oct 2020 23:30:0,11649.24,11720.01,11649.23,11684.16,1865.168665
12 Oct 2020 23:0:0,11559.69,11653.28,11555.02,11649.23,1194.841436
12 Oct 2020 22:30:0,11569.18,11575.07,11550.44,11559.69,622.656621
12 Oct 2020 22:0:0,11546.93,11569.3,11532.51,11569.16,610.87129
12 Oct 2020 21:30:0,11571,11575,11539.89,11546.93,642.92026
12 Oct 2020 21:0:0,11548.6,11571,11540.03,11571,828.179458
12 Oct 2020 20:30:0,11557.3,11566.36,11545.74,11548.69,760.938395
12 Oct 2020 20:0:0,11556.29,11565,11541.22,11557.3,757.787988
12 Oct 2020 19:30:0,11536.15,11556.69,11536.15,11556.29,687.485777
12 Oct 2020 19:0:0,11551.37,11566.89,11526.89,11536,961.87352
12 Oct 2020 18:30:0,11567.84,11579.64,11549.18,11551.38,1236.266614
12 Oct 2020 18:0:0,11549.39,11577.15,11527.65,11567.84,1698.63003
12 Oct 2020 17:30:0,11519.95,11590,11488,11549.38,2440.888323
12 Oct 2020 17:0:0,11468.87,11528.88,11468.86,11519.94,1523.117447
12 Oct 2020 16:30:0,11479.55,11486.64,11444.78,11468.86,1082.049308
12 Oct 2020 16:0:0,11489.08,11498.42,11458.6,11479.55,1738.497148
12 Oct 2020 15:30:0,11306.35,11528.87,11296.86,11489.08,5385.483276
12 Oct 2020 15:0:0,11290.87,11319.57,11276.52,11306.36,1142.257758
12 Oct 2020 14:30:0,11264.37,11292,11262.26,11290.88,739.24672
12 Oct 2020 14:0:0,11244.41,11279.7,11236.13,11264.36,1159.370757
12 Oct 2020 13:30:0,11257.81,11266.16,11244.18,11244.41,977.263152
12 Oct 2020 13:0:0,11264.79,11277.23,11239.46,11257.81,1531.129251
12 Oct 2020 12:30:0,11337.82,11337.82,11172,11264.77,3419.839655
12 Oct 2020 12:0:0,11358.56,11371.73,11336.37,11337.82,839.411046
12 Oct 2020 11:30:0,11358.52,11360.3,11307.66,11358.56,1007.80069
12 Oct 2020 11:0:0,11358.8,11374.11,11349.13,11358.51,620.291566
12 Oct 2020 10:30:0,11389.49,11393.83,11357.42,11358.8,658.181894
12 Oct 2020 10:0:0,11379.34,11390.8,11365.74,11389.49,670.966035
12 Oct 2020 9:30:0,11375.99,11393.83,11373.6,11379.34,839.065943
12 Oct 2020 9:0:0,11342.24,11376.02,11330.4,11375.99,1106.357226
12 Oct 2020 8:30:0,11361.01,11372.86,11337.15,11342.24,972.581807
12 Oct 2020 8:0:0,11399.67,11402.78,11359.99,11361,709.351732
12 Oct 2020 7:30:0,11401.9,11408.88,11387.15,11399.68,446.454581
12 Oct 2020 7:0:0,11384.39,11413.9,11378.25,11401.47,947.719261
12 Oct 2020 6:30:0,11382.05,11396.01,11378.99,11384.39,361.475834
12 Oct 2020 6:0:0,11385.01,11385.01,11365,11382.06,591.727548
12 Oct 2020 5:30:0,11387.89,11406.86,11383.71,11385,819.842951
12 Oct 2020 5:0:0,11400.96,11410.3,11384.08,11387.89,493.072418
12 Oct 2020 4:30:0,11379.52,11410,11375.7,11400.95,467.292741
12 Oct 2020 4:0:0,11394.63,11394.79,11369.92,11379.51,551.434121
12 Oct 2020 3:30:0,11376.98,11403.1,11375.4,11394.63,857.709069
12 Oct 2020 3:0:0,11378.5,11380,11353.05,11376.98,468.785166
12 Oct 2020 2:30:0,11350.26,11380.2,11345.56,11378.4,392.604533
12 Oct 2020 2:0:0,11369.02,11370.6,11345.85,11350.52,594.139147
12 Oct 2020 1:30:0,11370.2,11395.32,11362.2,11369.02,598.489931
12 Oct 2020 1:0:0,11353.85,11376.55,11343.87,11370.19,571.136137
12 Oct 2020 0:30:0,11345.41,11358.87,11327.92,11353.86,405.454455
12 Oct 2020 0:0:0,11328.22,11351.22,11298.73,11345.41,613.93164
11 Oct 2020 23:30:0,11315.88,11344.12,11315,11328.22,439.751178
11 Oct 2020 23:0:0,11326.27,11336.99,11221,11315.89,1441.930852
11 Oct 2020 22:30:0,11353.59,11356,11326.07,11326.28,477.848251
11 Oct 2020 22:0:0,11334.03,11360,11331.73,11353.6,578.377832
11 Oct 2020 21:30:0,11380.81,11395.7,11315.01,11334.02,1462.993187
11 Oct 2020 21:0:0,11408.87,11415,11380.8,11380.81,361.311245
11 Oct 2020 20:30:0,11413.42,11419.99,11382.24,11408.86,455.03743
11 Oct 2020 20:0:0,11424.26,11427.99,11395.99,11413.42,488.355975
11 Oct 2020 19:30:0,11404.93,11430,11402.92,11424.27,334.916502
11 Oct 2020 19:0:0,11391.78,11416.09,11391.78,11404.92,541.356819
11 Oct 2020 18:30:0,11408.11,11420,11390,11391.78,614.250203
11 Oct 2020 18:0:0,11405.46,11426.98,11362,11408.11,1102.099583
11 Oct 2020 17:30:0,11432.61,11432.61,11395.12,11405.47,706.023178
11 Oct 2020 17:0:0,11378.72,11440.86,11378.72,11432.62,1022.101145
11 Oct 2020 16:30:0,11385.89,11445,11345,11378.72,1281.492299
11 Oct 2020 16:0:0,11368.41,11395.23,11365.28,11385.88,496.10405
11 Oct 2020 15:30:0,11379.99,11380.05,11358.2,11368.42,531.118313
11 Oct 2020 15:0:0,11355.73,11382.2,11336.17,11379.99,736.525636
11 Oct 2020 14:30:0,11354.94,11370.73,11352.07,11355.74,385.150449
11 Oct 2020 14:0:0,11372.51,11382.94,11350,11355.1,602.662059
11 Oct 2020 13:30:0,11368.48,11375.29,11350.36,11372.5,445.682309
11 Oct 2020 13:0:0,11397.02,11410,11362.54,11368.4,918.163152
11 Oct 2020 12:30:0,11356.63,11407.27,11354.08,11397.02,1120.86515
11 Oct 2020 12:0:0,11354.05,11362.09,11340.19,11356.63,652.868784
11 Oct 2020 11:30:0,11351.8,11355.92,11340.9,11354.05,494.094604
11 Oct 2020 11:0:0,11346.1,11352.8,11327.05,11351.3,531.985346
11 Oct 2020 10:30:0,11352.17,11367.75,11344.7,11346.1,537.359169
11 Oct 2020 10:0:0,11350.01,11360,11337.89,11352.16,599.689848
11 Oct 2020 9:30:0,11343.18,11363.1,11342.23,11350.01,411.51001
11 Oct 2020 9:0:0,11359,11369.51,11342.64,11343.18,389.459684
11 Oct 2020 8:30:0,11356.83,11361,11335.72,11359.25,389.958453
11 Oct 2020 8:0:0,11337.95,11373.97,11337.95,11356.83,431.753126
11 Oct 2020 7:30:0,11327.92,11343.3,11323.32,11337.94,439.975373
11 Oct 2020 7:0:0,11322.23,11334.09,11303.77,11327.92,539.860498
11 Oct 2020 6:30:0,11319.39,11322.86,11301,11322.31,401.705646
11 Oct 2020 6:0:0,11332.01,11341.11,11310.43,11319.39,291.546431
11 Oct 2020 5:30:0,11335,11335.12,11307.71,11332,327.655097
11 Oct 2020 5:0:0,11352.84,11352.84,11330.88,11335,403.208393
11 Oct 2020 4:30:0,11359.31,11362.5,11346.51,11352.84,217.529089
11 Oct 2020 4:0:0,11365.18,11373.86,11345.82,11359.31,363.217692
11 Oct 2020 3:30:0,11320.16,11395.8,11308.52,11365.34,1020.73619
11 Oct 2020 3:0:0,11300.7,11333.33,11298.07,11320.17,592.735983
11 Oct 2020 2:30:0,11301.42,11306.4,11270.7,11300.69,681.114245
11 Oct 2020 2:0:0,11293.22,11321.05,11286.83,11301.41,592.758718
11 Oct 2020 1:30:0,11304.31,11310.63,11262.25,11293.22,773.22005
11 Oct 2020 1:0:0,11345.5,11345.51,11291,11304.3,997.311909
11 Oct 2020 0:30:0,11342.63,11367.56,11339.06,11345.5,539.473901
11 Oct 2020 0:0:0,11368.77,11368.77,11329.7,11342.64,426.481322
10 Oct 2020 23:30:0,11366.13,11374.59,11354.9,11368.77,335.12955
10 Oct 2020 23:0:0,11363,11376.47,11317.96,11366.06,569.169351
10 Oct 2020 22:30:0,11360.97,11369,11354,11362.99,337.152197
10 Oct 2020 22:0:0,11351.09,11361,11339.11,11360.98,421.704239
10 Oct 2020 21:30:0,11362.16,11371.89,11350,11351.09,476.326798
10 Oct 2020 21:0:0,11363.33,11370.33,11343.92,11362.17,541.550803
10 Oct 2020 20:30:0,11351.67,11371.15,11347.99,11363.33,467.769312
10 Oct 2020 20:0:0,11353.87,11356.42,11341.35,11351.67,375.627646
10 Oct 2020 19:30:0,11352.4,11360.01,11332.82,11353.88,405.734568
10 Oct 2020 19:0:0,11334.69,11368.16,11330,11352.4,577.971841
10 Oct 2020 18:30:0,11340.01,11344.45,11308.05,11334.69,495.024601
10 Oct 2020 18:0:0,11349.2,11374.39,11314.55,11340.01,934.554687
10 Oct 2020 17:30:0,11375.07,11413.66,11309,11349.2,1745.406847
10 Oct 2020 17:0:0,11352,11376.82,11352,11374.85,963.496391
10 Oct 2020 16:30:0,11324.01,11355,11318,11352,851.972914
10 Oct 2020 16:0:0,11354.15,11354.53,11316.75,11324,581.121223
10 Oct 2020 15:30:0,11316.9,11375.01,11309.77,11354.1,1161.256899
10 Oct 2020 15:0:0,11339.99,11348.72,11310.59,11314.23,671.862361
10 Oct 2020 14:30:0,11299.79,11340,11285,11340,727.346931
10 Oct 2020 14:0:0,11317.47,11339.23,11284.63,11299.79,744.400278
10 Oct 2020 13:30:0,11305.2,11328.22,11294.81,11317.46,621.746215
10 Oct 2020 13:0:0,11314,11359.25,11300.93,11305.2,907.547238
10 Oct 2020 12:30:0,11295.62,11340,11282,11314.1,774.77049
10 Oct 2020 12:0:0,11317.07,11320,11215,11295.62,1690.950825
10 Oct 2020 11:30:0,11357.46,11376.9,11280,11317.27,1299.518076
10 Oct 2020 11:0:0,11373.77,11384.92,11350.29,11357.46,769.023125
10 Oct 2020 10:30:0,11379,11394.33,11370.7,11374,613.970619
10 Oct 2020 10:0:0,11381.35,11381.68,11362.12,11379,607.024989
10 Oct 2020 9:30:0,11379.99,11384.3,11360.69,11381.3,567.51322
10 Oct 2020 9:0:0,11354.84,11380,11350.63,11380,652.561945
10 Oct 2020 8:30:0,11378.49,11389,11266,11354.84,1277.868098
10 Oct 2020 8:0:0,11372,11389,11370.11,11378.49,837.654615
10 Oct 2020 7:30:0,11401.61,11401.61,11359.5,11372,843.839769
10 Oct 2020 7:0:0,11402.79,11406.58,11382.51,11401.61,801.107629
10 Oct 2020 6:30:0,11389.21,11411.79,11379.98,11402.47,750.582114
10 Oct 2020 6:0:0,11412.96,11424.32,11380.01,11389.22,901.285602
10 Oct 2020 5:30:0,11394.87,11436.25,11390,11412.96,1309.665403
10 Oct 2020 5:0:0,11384.2,11491,11382.22,11394.87,3035.681126
10 Oct 2020 4:30:0,11385.27,11432.16,11372,11384.2,1692.425859
10 Oct 2020 4:0:0,11084.78,11448.43,11076.47,11385.27,5443.720397
10 Oct 2020 3:30:0,11074.59,11088.65,11073.14,11084.65,416.842384
10 Oct 2020 3:0:0,11077.54,11081.42,11054.55,11074.59,439.91807
10 Oct 2020 2:30:0,11086.41,11089.94,11066.62,11077.53,512.991229
10 Oct 2020 2:0:0,11050.64,11092.39,11050.51,11086.41,758.761287
10 Oct 2020 1:30:0,11077.93,11078.4,11049.2,11050.64,614.947044
10 Oct 2020 1:0:0,11070,11092.76,11066.17,11077.94,1030.230997
10 Oct 2020 0:30:0,11041.42,11070,11040,11069.99,589.371194
10 Oct 2020 0:0:0,11052.66,11058,11041.06,11041.41,441.036036
9 Oct 2020 23:30:0,11016.99,11053.28,11015.22,11052.66,452.726885
9 Oct 2020 23:0:0,11030.7,11032.91,11015,11016.99,435.865423
9 Oct 2020 22:30:0,11038.86,11048.71,11027.94,11030.7,583.098838
9 Oct 2020 22:0:0,11034.28,11050.01,11034.22,11038.86,704.082371
9 Oct 2020 21:30:0,11046.78,11050,11023.46,11034.28,409.096353
9 Oct 2020 21:0:0,11047.02,11048.97,11012.19,11046.71,957.578246
9 Oct 2020 20:30:0,11042.62,11054.37,11033.38,11047.02,715.08919
9 Oct 2020 20:0:0,11058.15,11059.15,11031.49,11042.62,942.473196
9 Oct 2020 19:30:0,11047.99,11061.61,11043.46,11058.15,707.825607
9 Oct 2020 19:0:0,11048,11063.12,11044.98,11047.99,713.717335
9 Oct 2020 18:30:0,11056.71,11063.01,11040.77,11048,651.901714
9 Oct 2020 18:0:0,11086.15,11100,11038,11056.71,1815.885255
9 Oct 2020 17:30:0,11055,11090,11045.76,11086.58,2510.856281
9 Oct 2020 17:0:0,11060.06,11068.38,11040.52,11055,969.731178
9 Oct 2020 16:30:0,11053.66,11069.49,11036.07,11060.06,1169.109282
9 Oct 2020 16:0:0,11075.35,11083.35,11048.6,11053.66,1870.433262
9 Oct 2020 15:30:0,11055.33,11080.47,11043.4,11075.34,2314.326328
9 Oct 2020 15:0:0,11067.68,11085.42,11046.13,11055.33,1680.764202
9 Oct 2020 14:30:0,11059.72,11104.64,11049.64,11067.68,2255.212224
9 Oct 2020 14:0:0,11050.44,11064,11035.86,11059.91,1633.871181
9 Oct 2020 13:30:0,11064.99,11073.46,11018.32,11050.43,1710.537006
9 Oct 2020 13:0:0,10980.3,11100,10977.16,11064.99,4325.251412
9 Oct 2020 12:30:0,10901.02,11005,10897.48,10980.3,3080.884448
9 Oct 2020 12:0:0,10876.73,10910,10870.89,10901,1025.15662
9 Oct 2020 11:30:0,10876.03,10881.61,10864.05,10876.74,601.191239
9 Oct 2020 11:0:0,10894.82,10894.83,10870,10876.04,582.425885
9 Oct 2020 10:30:0,10888.29,10896.11,10881.18,10894.74,532.828091
9 Oct 2020 10:0:0,10893.99,10897.94,10881.67,10888.29,684.9984
9 Oct 2020 9:30:0,10886,10902.74,10875.12,10894,867.144255
9 Oct 2020 9:0:0,10852.63,10886.42,10848.32,10885.99,722.542129
9 Oct 2020 8:30:0,10856.8,10870.7,10848.54,10852,447.457322
9 Oct 2020 8:0:0,10862.56,10862.77,10829,10856.81,1027.291297
9 Oct 2020 7:30:0,10885.27,10890,10860,10862.56,591.073729
9 Oct 2020 7:0:0,10875.55,10890,10871.05,10886.16,474.473969
9 Oct 2020 6:30:0,10875.99,10888,10868.32,10875.56,559.385666
9 Oct 2020 6:0:0,10887.18,10893,10872.29,10875.99,365.81441
9 Oct 2020 5:30:0,10886.35,10896.36,10881.77,10887.19,402.43265
9 Oct 2020 5:0:0,10900.65,10906.46,10880,10886.35,477.360485
9 Oct 2020 4:30:0,10905.03,10906.3,10896.37,10900.65,365.450995
9 Oct 2020 4:0:0,10899.52,10921.82,10890.01,10905.03,554.731874
9 Oct 2020 3:30:0,10893.41,10900,10877.53,10899.51,491.101935
9 Oct 2020 3:0:0,10877.75,10895.53,10871,10893.51,516.951761
9 Oct 2020 2:30:0,10881.75,10883.9,10861,10877.76,601.279163
9 Oct 2020 2:0:0,10925.44,10940.85,10870.01,10881.75,1063.078874
9 Oct 2020 1:30:0,10880.97,10950,10876.73,10925.57,1042.510643
9 Oct 2020 1:0:0,10895.79,10900.61,10880.01,10880.97,614.889872
9 Oct 2020 0:30:0,10896.87,10908.65,10888.73,10895.8,435.961828
9 Oct 2020 0:0:0,10874.31,10910.45,10872.92,10896.86,701.436757
8 Oct 2020 23:30:0,10879.97,10901.32,10874.3,10874.3,555.948588
8 Oct 2020 23:0:0,10887.94,10892.8,10869.38,10879.98,460.198916
8 Oct 2020 22:30:0,10871.48,10903,10868.3,10887.94,567.505897
8 Oct 2020 22:0:0,10878.82,10893.11,10860,10871.49,754.465133
8 Oct 2020 21:30:0,10882.81,10892.88,10875.46,10878.83,555.812153
8 Oct 2020 21:0:0,10871.13,10894.74,10855.18,10882.33,687.245206
8 Oct 2020 20:30:0,10860.09,10881.18,10842.65,10871.13,832.476082
8 Oct 2020 20:0:0,10880.17,10895,10860.01,10860.09,824.919798
8 Oct 2020 19:30:0,10893.64,10898.55,10866.18,10880.18,1562.562422
8 Oct 2020 19:0:0,10921.88,10945,10892.82,10893.65,1590.604446
8 Oct 2020 18:30:0,10894.64,10933,10889.96,10921.88,1503.64433
8 Oct 2020 18:0:0,10896.96,10924.49,10878.16,10894.64,1478.771051
8 Oct 2020 17:30:0,10879.99,10926.8,10860,10896.96,1759.485604
8 Oct 2020 17:0:0,10912.42,10935,10876.48,10879.99,2509.68245
8 Oct 2020 16:30:0,10733.6,10935,10732.78,10912.42,7578.280844
8 Oct 2020 16:0:0,10736.72,10749.61,10712,10733.61,1549.35062
8 Oct 2020 15:30:0,10738.69,10749.99,10704.07,10736.72,2287.52605
8 Oct 2020 15:0:0,10639.84,10747.88,10618.18,10738.68,3984.996311
8 Oct 2020 14:30:0,10638,10650,10622.72,10639.85,862.794893
8 Oct 2020 14:0:0,10606.17,10640,10593.51,10638,833.718457
8 Oct 2020 13:30:0,10600.77,10611.85,10596.3,10606.17,504.498787
8 Oct 2020 13:0:0,10607.85,10608.12,10594.18,10599.67,482.473639
8 Oct 2020 12:30:0,10613.66,10630.18,10600.33,10607.86,941.504882
8 Oct 2020 12:0:0,10563.09,10630,10556.65,10613.67,1172.38968
8 Oct 2020 11:30:0,10562,10573.62,10559.99,10563.09,563.450765
8 Oct 2020 11:0:0,10563,10577.82,10530.41,10562,1606.416951
8 Oct 2020 10:30:0,10583.91,10601.96,10552.62,10563,971.205479
8 Oct 2020 10:0:0,10592.22,10605,10582.42,10583.91,677.435484
8 Oct 2020 9:30:0,10594.59,10608.39,10583.84,10592.21,1190.176631
8 Oct 2020 9:0:0,10624.15,10624.15,10563.01,10594.59,1411.411691
8 Oct 2020 8:30:0,10620.34,10626.57,10605.49,10624.14,739.472039
8 Oct 2020 8:0:0,10614.44,10629,10603.88,10620.34,632.198458
8 Oct 2020 7:30:0,10620.15,10631.47,10605.66,10614.45,660.857426
8 Oct 2020 7:0:0,10632.36,10637.78,10603,10620.16,785.238066
8 Oct 2020 6:30:0,10642.81,10645.09,10632.27,10632.36,225.49405
8 Oct 2020 6:0:0,10639.8,10643.77,10629.17,10643,360.902528
8 Oct 2020 5:30:0,10642.01,10646.28,10636.49,10639.8,283.736294
8 Oct 2020 5:0:0,10639.19,10655.63,10637.58,10642,447.012458
8 Oct 2020 4:30:0,10628.8,10644.9,10625.06,10639.19,360.602632
8 Oct 2020 4:0:0,10641.1,10641.18,10624.21,10628.81,518.500423
8 Oct 2020 3:30:0,10622.76,10646.36,10616,10641.1,436.341062
8 Oct 2020 3:0:0,10641.27,10641.27,10621.04,10622.76,504.780383
8 Oct 2020 2:30:0,10652.19,10652.26,10637.9,10641.17,456.778038
8 Oct 2020 2:0:0,10666.4,10670.89,10646.89,10652.19,492.025375
8 Oct 2020 1:30:0,10665,10673.59,10659.99,10666.39,340.898553
8 Oct 2020 1:0:0,10660.96,10665,10651.21,10665,203.03838
8 Oct 2020 0:30:0,10642.91,10661.38,10642.74,10660.96,389.869735
8 Oct 2020 0:0:0,10659.87,10662.54,10641.58,10642.83,357.104572
7 Oct 2020 23:30:0,10663.32,10666.51,10654.86,10659.81,335.789174
7 Oct 2020 23:0:0,10660.44,10665,10655.28,10663.32,398.348184
7 Oct 2020 22:30:0,10648.69,10666.25,10648.69,10660.44,529.700741
7 Oct 2020 22:0:0,10650.9,10656,10641,10648.69,432.847425
7 Oct 2020 21:30:0,10666.01,10666.5,10647.13,10650.34,569.648389
7 Oct 2020 21:0:0,10663.97,10681.87,10661.91,10666,747.751631
7 Oct 2020 20:30:0,10658.86,10667.43,10648.54,10664.11,642.707199
7 Oct 2020 20:0:0,10639.01,10666.66,10631.44,10658.85,840.322911
7 Oct 2020 19:30:0,10624.91,10646.36,10623.26,10639.01,644.999265
7 Oct 2020 19:0:0,10628.64,10632.91,10616.75,10624.92,512.545218
7 Oct 2020 18:30:0,10606.74,10628.64,10606.47,10628.64,656.918079
7 Oct 2020 18:0:0,10629.7,10635.5,10601,10606.74,1027.867794
7 Oct 2020 17:30:0,10636.56,10644.66,10619.39,10629.6,799.226727
7 Oct 2020 17:0:0,10632.02,10649.37,10616.24,10636.56,1161.913504
7 Oct 2020 16:30:0,10614.1,10633.86,10612.59,10632.03,668.896297
7 Oct 2020 16:0:0,10610.53,10619.21,10592,10614.1,989.146216
7 Oct 2020 15:30:0,10620.12,10639,10601.34,10610.52,1219.372371
7 Oct 2020 15:0:0,10625.29,10631.16,10614.38,10620.12,836.576876
7 Oct 2020 14:30:0,10616,10635.05,10613.64,10625.3,871.322406
7 Oct 2020 14:0:0,10600.41,10624.03,10600.41,10616,984.207948
7 Oct 2020 13:30:0,10585.04,10608.96,10585.04,10600.41,671.144737
7 Oct 2020 13:0:0,10596.41,10602.18,10579.74,10585.04,615.687986
7 Oct 2020 12:30:0,10589.16,10600,10569.99,10596.4,739.143988
7 Oct 2020 12:0:0,10583.99,10596.15,10578.56,10589.16,687.715771
7 Oct 2020 11:30:0,10595.21,10617.31,10583.16,10583.99,805.760428
7 Oct 2020 11:0:0,10612.17,10623,10580,10595.2,827.357604
7 Oct 2020 10:30:0,10599.38,10616.36,10596.96,10612.18,577.69494
7 Oct 2020 10:0:0,10618.69,10627.88,10596.27,10599.38,799.360464
7 Oct 2020 9:30:0,10613.14,10624,10601.23,10618.69,830.220617
7 Oct 2020 9:0:0,10622.51,10630,10607.26,10613.14,648.259929
7 Oct 2020 8:30:0,10611.14,10626.99,10603.83,10622.51,594.696904
7 Oct 2020 8:0:0,10607.01,10628.94,10601.61,10611.13,819.356585
7 Oct 2020 7:30:0,10603.68,10613.58,10593.08,10607,990.028497
7 Oct 2020 7:0:0,10589.9,10611.67,10580.24,10603.69,780.400516
7 Oct 2020 6:30:0,10592.15,10597.5,10580.53,10589.96,396.062635
7 Oct 2020 6:0:0,10575.51,10593.82,10570.6,10592.14,547.13249
7 Oct 2020 5:30:0,10582.71,10591.16,10574.23,10575.51,572.284877
7 Oct 2020 5:0:0,10594.14,10598.96,10573.53,10582.7,597.217989
7 Oct 2020 4:30:0,10584.09,10606.45,10581.84,10594.14,566.428839
7 Oct 2020 4:0:0,10583.07,10600.64,10582.14,10584.08,618.529754
7 Oct 2020 3:30:0,10575.02,10586.32,10546.17,10583.07,1070.520629
7 Oct 2020 3:0:0,10590.57,10598.14,10562.21,10575.12,762.860644
7 Oct 2020 2:30:0,10587.17,10594.84,10574.79,10590.58,545.447416
7 Oct 2020 2:0:0,10599.65,10606.02,10577.45,10587.16,587.656445
7 Oct 2020 1:30:0,10584.33,10615.24,10582.29,10599.66,933.694807
7 Oct 2020 1:0:0,10587.1,10596.92,10573.2,10584.33,575.260923
7 Oct 2020 0:30:0,10595.97,10595.97,10575.27,10587.11,514.21587
7 Oct 2020 0:0:0,10568.12,10597,10561.46,10595.98,660.048786
6 Oct 2020 23:30:0,10563.79,10581.13,10551.04,10568.12,581.769313
6 Oct 2020 23:0:0,10549.51,10580.29,10528.62,10563.79,994.454914
6 Oct 2020 22:30:0,10574.29,10576.06,10525,10549.51,1398.658966
6 Oct 2020 22:0:0,10571.35,10579.98,10552.82,10574.29,929.707452
6 Oct 2020 21:30:0,10578.13,10598.2,10556.82,10571.36,1419.651549
6 Oct 2020 21:0:0,10602.78,10611.81,10537.99,10578.27,3229.370979
6 Oct 2020 20:30:0,10723.6,10737,10578.99,10602.77,2591.624763
6 Oct 2020 20:0:0,10713.96,10725.04,10703.84,10723.59,541.044464
6 Oct 2020 19:30:0,10711.55,10721.98,10704.49,10713.97,643.53693
6 Oct 2020 19:0:0,10723.71,10733.1,10704.1,10711.54,849.477484
6 Oct 2020 18:30:0,10729.87,10734.29,10714.93,10723.72,736.284487
6 Oct 2020 18:0:0,10735.01,10751.23,10712.91,10729.86,1446.167687
6 Oct 2020 17:30:0,10684.99,10760,10683.03,10735.01,1961.406511
6 Oct 2020 17:0:0,10671.91,10698.49,10621,10684.99,2349.155315
6 Oct 2020 16:30:0,10697,10697.02,10656,10671.22,1157.366247
6 Oct 2020 16:0:0,10676.64,10701.47,10666.45,10697.01,1024.472539
6 Oct 2020 15:30:0,10702.91,10718.81,10671.59,10676.44,969.015928
6 Oct 2020 15:0:0,10699.56,10712.84,10688.99,10702.91,998.272056
6 Oct 2020 14:30:0,10710.16,10722.78,10699,10699.56,879.399757
6 Oct 2020 14:0:0,10697.19,10713,10686.27,10710.16,897.884931
6 Oct 2020 13:30:0,10680.43,10712.33,10675.95,10697.33,1066.001846
6 Oct 2020 13:0:0,10700.9,10700.9,10650.46,10680.43,2102.508736
6 Oct 2020 12:30:0,10720.45,10722.91,10697,10700.99,869.442844
6 Oct 2020 12:0:0,10746.16,10752.11,10717.25,10720.45,606.067208
6 Oct 2020 11:30:0,10737.51,10754.71,10733,10746.15,673.725447
6 Oct 2020 11:0:0,10742.01,10744.4,10730.41,10737.51,826.701555
6 Oct 2020 10:30:0,10722.02,10743,10717.42,10742.02,641.428524
6 Oct 2020 10:0:0,10711.15,10727.88,10701,10722.01,892.548866
6 Oct 2020 9:30:0,10759.75,10759.75,10705.27,10711.15,1071.520154
6 Oct 2020 9:0:0,10743.06,10770.37,10740.89,10759.76,1405.316704
6 Oct 2020 8:30:0,10743.4,10745,10733.06,10743.07,728.808566
6 Oct 2020 8:0:0,10745.39,10753.49,10730.78,10743.39,1217.662247
6 Oct 2020 7:30:0,10754.99,10760.24,10738,10745.38,1121.034717
6 Oct 2020 7:0:0,10766.35,10766.48,10745.39,10755,849.293993
6 Oct 2020 6:30:0,10781.48,10784.02,10762,10766.35,466.197318
6 Oct 2020 6:0:0,10765.3,10783,10764.08,10781.47,655.147027
6 Oct 2020 5:30:0,10770.08,10786.29,10761.94,10765.29,692.923303
6 Oct 2020 5:0:0,10759.8,10772.56,10753.19,10770.08,522.764463
6 Oct 2020 4:30:0,10765.89,10792.59,10759.79,10759.79,831.629107
6 Oct 2020 4:0:0,10762.13,10772.44,10760.64,10765.88,489.864645
6 Oct 2020 3:30:0,10751.92,10766.79,10738.08,10762.13,627.638341
6 Oct 2020 3:0:0,10753.12,10770.12,10750.4,10751.92,514.186923
6 Oct 2020 2:30:0,10763.4,10764.24,10745.79,10753.12,587.181561
6 Oct 2020 2:0:0,10792.2,10800,10762.74,10763.4,933.203718
6 Oct 2020 1:30:0,10751.11,10798,10749.3,10792.21,1073.193102
6 Oct 2020 1:0:0,10745.09,10757.7,10733.9,10751.11,507.491319
6 Oct 2020 0:30:0,10764.3,10764.31,10741.79,10745.09,393.855456
6 Oct 2020 0:0:0,10739.82,10767,10739.27,10764.3,480.206132
5 Oct 2020 23:30:0,10752.98,10761.36,10729.59,10739.83,459.617174
5 Oct 2020 23:0:0,10737.78,10760,10735.07,10752.97,495.246234
5 Oct 2020 22:30:0,10753.89,10753.9,10731.82,10737.78,481.598296
5 Oct 2020 22:0:0,10730.78,10757.93,10727.8,10753.9,782.994755
5 Oct 2020 21:30:0,10732.42,10742.28,10727.76,10730.78,585.039501
5 Oct 2020 21:0:0,10716.35,10735.53,10711.97,10732.42,573.272192
5 Oct 2020 20:30:0,10692.36,10717.44,10680,10716.35,622.572988
5 Oct 2020 20:0:0,10696.49,10704.46,10680,10692.28,855.161132
5 Oct 2020 19:30:0,10715.64,10722.66,10688.22,10696.49,763.842019
5 Oct 2020 19:0:0,10744.51,10745.3,10711.13,10715.64,598.670091
5 Oct 2020 18:30:0,10720.35,10744.78,10699.91,10744.51,777.734229
5 Oct 2020 18:0:0,10726.01,10730.99,10708.04,10720.35,808.668203
5 Oct 2020 17:30:0,10721.22,10726.02,10706.86,10726.02,569.384867
5 Oct 2020 17:0:0,10723.93,10735.8,10716.9,10721.23,735.959105
5 Oct 2020 16:30:0,10733.01,10749.28,10716.71,10723.93,820.229015
5 Oct 2020 16:0:0,10726.46,10777.37,10716,10733.01,1868.059914
5 Oct 2020 15:30:0,10705.88,10731.53,10702.21,10726.45,947.566455
5 Oct 2020 15:0:0,10695.62,10735.99,10695.62,10705.37,1426.432184
5 Oct 2020 14:30:0,10679.99,10700,10671.12,10695.61,855.587098
5 Oct 2020 14:0:0,10666.53,10688,10654.96,10680,570.830299
5 Oct 2020 13:30:0,10668.83,10681.14,10665.02,10666.53,483.919568
5 Oct 2020 13:0:0,10681.07,10696.67,10664.85,10668.83,655.107214
5 Oct 2020 12:30:0,10663.89,10685,10661.12,10681.01,752.550599
5 Oct 2020 12:0:0,10679.58,10679.59,10658.95,10663.89,629.762631
5 Oct 2020 11:30:0,10675.83,10690.67,10670.66,10679.59,676.699507
5 Oct 2020 11:0:0,10669.13,10688.14,10661.44,10675.83,672.159262
5 Oct 2020 10:30:0,10684.5,10686.64,10666.41,10669.12,644.863718
5 Oct 2020 10:0:0,10686.31,10695.34,10672.73,10684.5,1037.622278
5 Oct 2020 9:30:0,10645.46,10695.81,10644.63,10686.31,1053.137725
5 Oct 2020 9:0:0,10639.03,10672,10629.05,10645.47,983.831028
5 Oct 2020 8:30:0,10630.06,10644.04,10626.95,10639.03,554.824931
5 Oct 2020 8:0:0,10677,10677.01,10615.64,10630.06,1248.865348
5 Oct 2020 7:30:0,10664.07,10678.89,10657.64,10677.01,390.492756
5 Oct 2020 7:0:0,10656.75,10664.59,10650.42,10664.07,418.386068
5 Oct 2020 6:30:0,10662.58,10668.25,10646.06,10656.75,464.030917
5 Oct 2020 6:0:0,10665.88,10671.6,10646.06,10662.58,635.032204
5 Oct 2020 5:30:0,10684.11,10689.46,10661.31,10665.88,477.745009
5 Oct 2020 5:0:0,10707.67,10711.88,10681.55,10684.1,489.052399
5 Oct 2020 4:30:0,10698.35,10712.28,10688.44,10707.66,348.747795
5 Oct 2020 4:0:0,10691.65,10703.94,10686.7,10698.35,367.782558
5 Oct 2020 3:30:0,10705.08,10705.6,10682.45,10691.73,465.470694
5 Oct 2020 3:0:0,10703.61,10709.16,10691.64,10705.08,565.998333
5 Oct 2020 2:30:0,10710.98,10719.42,10700.08,10703.62,536.122889
5 Oct 2020 2:0:0,10666.62,10741.63,10655.64,10710.98,1420.344462
5 Oct 2020 1:30:0,10659.72,10674.55,10654.09,10666.63,481.443634
5 Oct 2020 1:0:0,10659.4,10664.42,10645.76,10659.72,408.731009
5 Oct 2020 0:30:0,10655.65,10664,10650,10660.27,367.922521
5 Oct 2020 0:0:0,10645.01,10680,10637.84,10655.65,600.711944
4 Oct 2020 23:30:0,10652.81,10663.14,10644.46,10645.01,307.288811
4 Oct 2020 23:0:0,10643.47,10666,10642.18,10652.81,371.180104
4 Oct 2020 22:30:0,10674.14,10681.29,10637.33,10643.47,478.010381
4 Oct 2020 22:0:0,10673.26,10690.75,10666.48,10674.14,574.645823
4 Oct 2020 21:30:0,10673.99,10696.87,10655.11,10673.26,895.156758
4 Oct 2020 21:0:0,10630,10680,10629.99,10673.99,1336.39209
4 Oct 2020 20:30:0,10631.94,10640.78,10613.68,10630,489.617955
4 Oct 2020 20:0:0,10606.23,10649,10597.13,10631.93,1374.907076
4 Oct 2020 19:30:0,10596.13,10607.68,10592.25,10606.23,347.000072
4 Oct 2020 19:0:0,10600.45,10605,10591.51,10596.12,301.382734
4 Oct 2020 18:30:0,10602.25,10604.12,10589.97,10600.44,389.75957
4 Oct 2020 18:0:0,10591.45,10605.17,10581.26,10602.26,427.319019
4 Oct 2020 17:30:0,10604.6,10606.71,10588,10591.45,353.169728
4 Oct 2020 17:0:0,10604.54,10608.35,10593.55,10604.6,401.590305
4 Oct 2020 16:30:0,10600.43,10611,10589.69,10604.45,346.639002
4 Oct 2020 16:0:0,10610.65,10612.37,10588.7,10600.43,340.41878
4 Oct 2020 15:30:0,10606.03,10612.13,10596.61,10610.65,463.091092
4 Oct 2020 15:0:0,10606.41,10622.45,10603.48,10606.03,624.518326
4 Oct 2020 14:30:0,10587.22,10606.4,10575,10606.4,391.499496
4 Oct 2020 14:0:0,10600.75,10608.67,10585,10587.21,315.437818
4 Oct 2020 13:30:0,10576.34,10610,10576.33,10600.75,369.214415
4 Oct 2020 13:0:0,10586.59,10592.54,10575,10576.33,491.621734
4 Oct 2020 12:30:0,10584.76,10587.96,10572,10586.59,354.675924
4 Oct 2020 12:0:0,10595.52,10598.46,10570.47,10584.77,501.202124
4 Oct 2020 11:30:0,10590.33,10603,10582.87,10595.52,551.619352
4 Oct 2020 11:0:0,10599.59,10602.72,10589.31,10590.34,321.736222
4 Oct 2020 10:30:0,10617.35,10620,10582.1,10599.58,536.690011
4 Oct 2020 10:0:0,10612.83,10625,10601.99,10617.35,653.396759
4 Oct 2020 9:30:0,10614.77,10619.89,10606.57,10612.83,387.4889
4 Oct 2020 9:0:0,10618,10630.21,10602,10614.03,437.111499
4 Oct 2020 8:30:0,10582.42,10637.35,10578.9,10618,1396.985212
4 Oct 2020 8:0:0,10562.28,10590,10562.28,10582.42,412.16076
4 Oct 2020 7:30:0,10574.47,10578,10561.12,10562.28,193.576891
4 Oct 2020 7:0:0,10565.83,10575,10565.83,10574.47,202.555267
4 Oct 2020 6:30:0,10573.1,10575.09,10563.99,10565.83,330.927105
4 Oct 2020 6:0:0,10545.48,10579.81,10544.4,10572.98,467.810223
4 Oct 2020 5:30:0,10553.15,10556.35,10542.08,10545.49,236.329419
4 Oct 2020 5:0:0,10548.14,10559.73,10546,10553.15,452.431016
4 Oct 2020 4:30:0,10539.33,10553.46,10539.17,10548.12,375.170618
4 Oct 2020 4:0:0,10541.14,10542.64,10527.33,10539.32,447.691898
4 Oct 2020 3:30:0,10526.08,10547.9,10517.99,10541.14,589.325469
4 Oct 2020 3:0:0,10543.06,10543.06,10521.43,10526.09,346.045085
4 Oct 2020 2:30:0,10548.13,10552.5,10533.01,10543.06,264.650841
4 Oct 2020 2:0:0,10542.07,10558.14,10517.87,10548.13,503.750803
4 Oct 2020 1:30:0,10556.85,10563.99,10537.79,10542.06,299.342891
4 Oct 2020 1:0:0,10558.45,10564.54,10547.6,10556.64,411.395203
4 Oct 2020 0:30:0,10548.34,10561.34,10533.93,10558.46,475.983054
4 Oct 2020 0:0:0,10568.36,10568.36,10530,10548.34,491.383493
3 Oct 2020 23:30:0,10555.01,10572.78,10555,10568.37,274.871406
3 Oct 2020 23:0:0,10565.01,10569.38,10555,10555,341.640543
3 Oct 2020 22:30:0,10564.87,10571.22,10555.12,10565.02,295.881499
3 Oct 2020 22:0:0,10582.57,10588.43,10564.45,10564.77,330.479173
3 Oct 2020 21:30:0,10590.02,10597.13,10574.42,10582.62,616.649909
3 Oct 2020 21:0:0,10574.11,10592.72,10569,10590.01,954.952611
3 Oct 2020 20:30:0,10580.65,10582,10563.4,10574.06,474.534335
3 Oct 2020 20:0:0,10581.71,10589.4,10573.4,10580.65,456.850995
3 Oct 2020 19:30:0,10568.63,10585.26,10568.1,10581.7,477.290296
3 Oct 2020 19:0:0,10579.41,10584.33,10560.7,10568.63,467.472753
3 Oct 2020 18:30:0,10547.01,10603.56,10544.82,10579.41,932.237734
3 Oct 2020 18:0:0,10541.97,10555.18,10535.04,10547.01,568.840269
3 Oct 2020 17:30:0,10546.68,10551.35,10531.03,10541.98,417.651836
3 Oct 2020 17:0:0,10534.78,10553.83,10531.06,10546.68,500.665658
3 Oct 2020 16:30:0,10538.41,10541.33,10531.76,10534.78,424.395416
3 Oct 2020 16:0:0,10528.2,10540.07,10524.58,10538.41,290.520711
3 Oct 2020 15:30:0,10531.48,10543.06,10518.73,10528.2,544.791958
3 Oct 2020 15:0:0,10535.54,10547.97,10526,10531.48,414.08019
3 Oct 2020 14:30:0,10531.53,10542.58,10526.35,10535.54,401.908797
3 Oct 2020 14:0:0,10536.65,10540,10517.87,10531.46,489.339695
3 Oct 2020 13:30:0,10538.33,10543.61,10529.53,10536.65,452.493433
3 Oct 2020 13:0:0,10549.31,10564,10528.18,10538.32,620.950726
3 Oct 2020 12:30:0,10530.97,10549.32,10523.88,10549.31,447.577833
3 Oct 2020 12:0:0,10527.64,10542,10517.86,10530.98,399.433203
3 Oct 2020 11:30:0,10526.76,10536.85,10514.16,10527.64,376.277317
3 Oct 2020 11:0:0,10507.66,10539.04,10504.18,10526.75,536.183284
3 Oct 2020 10:30:0,10535.89,10538.24,10503.68,10507.66,462.782488
3 Oct 2020 10:0:0,10527.75,10550.95,10498.97,10535.89,844.898915
3 Oct 2020 9:30:0,10518.17,10533.04,10513.6,10527.75,450.322108
3 Oct 2020 9:0:0,10529,10529,10512.64,10518.16,390.565531
3 Oct 2020 8:30:0,10521.73,10531.51,10513.16,10529.01,496.141096
3 Oct 2020 8:0:0,10537.02,10547.84,10496.46,10521.74,667.151493
3 Oct 2020 7:30:0,10537.66,10539.47,10532,10537.02,339.592765
3 Oct 2020 7:0:0,10558,10563.24,10526.66,10537.66,632.050036
3 Oct 2020 6:30:0,10555.34,10558.68,10543.96,10558.01,316.777165
3 Oct 2020 6:0:0,10552.24,10560,10541.79,10555.35,306.803443
3 Oct 2020 5:30:0,10551.36,10559.52,10543.48,10552.24,305.990256
3 Oct 2020 5:0:0,10540.35,10562.01,10530.33,10551.36,489.97909
3 Oct 2020 4:30:0,10526.66,10543.42,10523.32,10540.34,234.153524
3 Oct 2020 4:0:0,10538.06,10547.9,10521.88,10526.66,454.941615
3 Oct 2020 3:30:0,10543.05,10549.04,10522.32,10538.07,490.848404
3 Oct 2020 3:0:0,10544.92,10556.3,10536.95,10543.05,322.531937
3 Oct 2020 2:30:0,10542.44,10555.89,10534.49,10544.92,315.135615
3 Oct 2020 2:0:0,10570.4,10576.87,10532,10542.44,591.479639
3 Oct 2020 1:30:0,10564.64,10577.53,10554.21,10570.4,335.068916
3 Oct 2020 1:0:0,10551.02,10569.31,10549.05,10564.64,403.961888
3 Oct 2020 0:30:0,10519.5,10580,10518.58,10551.02,917.079393
3 Oct 2020 0:0:0,10469.68,10520,10469.46,10519.51,507.59587
2 Oct 2020 23:30:0,10519.4,10528.88,10463.02,10469.68,994.508467
2 Oct 2020 23:0:0,10540.71,10555.65,10519.07,10519.4,432.947211
2 Oct 2020 22:30:0,10535.12,10555.21,10533.14,10540.71,622.551286
2 Oct 2020 22:0:0,10515.04,10540,10510.29,10535.12,737.147012
2 Oct 2020 21:30:0,10535.78,10536.47,10512.04,10515.04,561.196003
2 Oct 2020 21:0:0,10553.1,10553.1,10521,10535.77,625.720913
2 Oct 2020 20:30:0,10537.84,10554,10523.64,10553.11,893.797878
2 Oct 2020 20:0:0,10537.44,10550,10532.85,10537.83,811.127954
2 Oct 2020 19:30:0,10554.78,10560,10518.29,10537.44,722.778848
2 Oct 2020 19:0:0,10543.68,10559.21,10535.94,10554.85,639.832403
2 Oct 2020 18:30:0,10538.13,10557.85,10529.23,10543.69,690.545209
2 Oct 2020 18:0:0,10512.74,10563,10492,10538.13,1547.972971
2 Oct 2020 17:30:0,10537.84,10548.72,10505.56,10512.74,871.339278
2 Oct 2020 17:0:0,10522.13,10547.3,10517.66,10537.34,938.577009
2 Oct 2020 16:30:0,10529.06,10552.41,10511.78,10522.13,1098.331473
2 Oct 2020 16:0:0,10530.42,10550.84,10507.24,10529.07,1460.241869
2 Oct 2020 15:30:0,10457.75,10600,10445.82,10530.88,2718.071839
2 Oct 2020 15:0:0,10489.28,10495,10436.06,10457.74,1106.666182
2 Oct 2020 14:30:0,10484.86,10495,10461.06,10489.27,1077.565995
2 Oct 2020 14:0:0,10436.63,10495.29,10431.28,10484.85,1258.886135
2 Oct 2020 13:30:0,10456.04,10480.56,10432.72,10436.63,1030.840505
2 Oct 2020 13:0:0,10461.13,10469.69,10443.64,10456.15,1097.227124
2 Oct 2020 12:30:0,10431.15,10465.45,10427.59,10461.14,1002.135648
2 Oct 2020 12:0:0,10448.91,10468.77,10374,10431.16,1960.962034
2 Oct 2020 11:30:0,10426.49,10452.56,10422.1,10449.16,1169.538047
2 Oct 2020 11:0:0,10455.45,10485.81,10420,10426.48,1405.023807
2 Oct 2020 10:30:0,10479.9,10484.54,10425.88,10455.46,1429.462587
2 Oct 2020 10:0:0,10490.88,10495,10442.56,10479.7,1135.462716
2 Oct 2020 9:30:0,10501.92,10504.57,10471.21,10490.88,910.609291
2 Oct 2020 9:0:0,10501.72,10516.53,10484.41,10501.93,1031.83961
2 Oct 2020 8:30:0,10483.62,10528.56,10481.34,10501.48,1309.659644
2 Oct 2020 8:0:0,10443.5,10502,10412.4,10483.62,1576.901022
2 Oct 2020 7:30:0,10426,10458.99,10385.02,10443.5,2068.052361
2 Oct 2020 7:0:0,10590.02,10590.27,10385.76,10426,4151.007626
2 Oct 2020 6:30:0,10652.25,10655.1,10587.68,10590.02,998.601419
2 Oct 2020 6:0:0,10649.06,10664.64,10632,10652.25,966.239789
2 Oct 2020 5:30:0,10622.41,10654.83,10608.87,10649.06,732.633706
2 Oct 2020 5:0:0,10604.29,10622.72,10603.07,10622.41,567.344667
2 Oct 2020 4:30:0,10614.39,10621.81,10593.43,10604.29,607.713254
2 Oct 2020 4:0:0,10591.05,10616.91,10586.42,10614.39,580.320214
2 Oct 2020 3:30:0,10607.62,10614.01,10587.18,10591.05,502.377442
2 Oct 2020 3:0:0,10592.27,10619.08,10590.92,10607.62,595.825278
2 Oct 2020 2:30:0,10603.73,10616.9,10591.79,10592.27,504.824431
2 Oct 2020 2:0:0,10619.13,10619.14,10584,10603.72,822.279481
2 Oct 2020 1:30:0,10595.91,10623,10594.71,10619.13,483.428528
2 Oct 2020 1:0:0,10607.11,10616.85,10594.2,10595.91,501.352554
2 Oct 2020 0:30:0,10612.95,10634.98,10602.25,10607.11,637.990161
2 Oct 2020 0:0:0,10585.3,10632.64,10573.52,10612.95,761.787499
1 Oct 2020 23:30:0,10619.04,10630.33,10584.5,10585.3,651.702267
1 Oct 2020 23:0:0,10606.03,10619.96,10587.29,10619.13,606.837948
1 Oct 2020 22:30:0,10579.5,10620,10571.05,10606.03,724.776092
1 Oct 2020 22:0:0,10617.74,10617.75,10567.37,10579.51,1002.782166
1 Oct 2020 21:30:0,10585.08,10619.23,10567.65,10617.74,1068.130103
1 Oct 2020 21:0:0,10586.5,10638.8,10584.01,10585.08,2052.94532
1 Oct 2020 20:30:0,10552.05,10594.01,10538.79,10586.5,1860.23424
1 Oct 2020 20:0:0,10482.4,10554.21,10464.01,10552.06,1694.024854
1 Oct 2020 19:30:0,10520.27,10532.91,10480,10482.39,1782.004841
1 Oct 2020 19:0:0,10522.72,10538.24,10470.77,10520.26,2583.825421
1 Oct 2020 18:30:0,10570.67,10596.4,10437,10522.72,4608.822213
1 Oct 2020 18:0:0,10716.23,10716.23,10515,10570.68,7715.488574
1 Oct 2020 17:30:0,10875.96,10883.66,10712,10716.23,2947.60724
1 Oct 2020 17:0:0,10857.98,10880.67,10848.1,10875.96,1005.373882
1 Oct 2020 16:30:0,10842.65,10863.81,10842.65,10857.98,849.323264
1 Oct 2020 16:0:0,10860.01,10864.99,10831.16,10842.65,1587.700863
1 Oct 2020 15:30:0,10866.99,10895.63,10846,10860,1266.780378
1 Oct 2020 15:0:0,10885.96,10889.77,10863.13,10866.99,773.712835
1 Oct 2020 14:30:0,10872.43,10898.99,10872.43,10885.96,925.766089
1 Oct 2020 14:0:0,10903.16,10908.23,10860.25,10872.43,843.787591
1 Oct 2020 13:30:0,10866.1,10904.33,10861.8,10903.16,1054.474218
1 Oct 2020 13:0:0,10865.97,10878.26,10853.02,10866.1,740.761217
1 Oct 2020 12:30:0,10855.13,10873,10842.16,10865.97,774.572365
1 Oct 2020 12:0:0,10896.78,10912.83,10853.05,10855.13,1080.276187
1 Oct 2020 11:30:0,10884.65,10903.01,10884.59,10896.77,785.290795
1 Oct 2020 11:0:0,10872.36,10889.11,10872.16,10884.65,1094.452591
1 Oct 2020 10:30:0,10894.03,10918.16,10866.47,10872.35,1421.664993
1 Oct 2020 10:0:0,10824.75,10920,10811.52,10894.03,3775.688097
1 Oct 2020 9:30:0,10828.08,10829.76,10799.7,10824.75,609.775855
1 Oct 2020 9:0:0,10821.29,10839.92,10818.98,10828.08,559.386669
1 Oct 2020 8:30:0,10819.1,10830.38,10811.72,10821.29,755.503842
1 Oct 2020 8:0:0,10821.07,10844.71,10819.31,10819.51,990.528326
1 Oct 2020 7:30:0,10811.85,10826,10791.33,10821.07,683.139039
1 Oct 2020 7:0:0,10800,10813.53,10790.85,10811.84,581.411936
1 Oct 2020 6:30:0,10815.54,10821.96,10799.92,10800.01,469.89269
1 Oct 2020 6:0:0,10798.38,10826.42,10795.78,10815.54,612.549268
1 Oct 2020 5:30:0,10803.95,10814.58,10789.01,10798.18,419.510246
1 Oct 2020 5:0:0,10817.14,10824.22,10795.87,10803.95,520.088811
1 Oct 2020 4:30:0,10814.56,10833.69,10807.39,10817.14,398.974947
1 Oct 2020 4:0:0,10838.89,10857.47,10811.8,10814.56,869.316787
1 Oct 2020 3:30:0,10801.19,10849.97,10801.19,10838.88,989.505503
1 Oct 2020 3:0:0,10788.3,10811.09,10786.74,10801,614.624057
1 Oct 2020 2:30:0,10797.44,10808.11,10780.09,10788.06,648.858378
1 Oct 2020 2:0:0,10776.59,10826.19,10776.59,10797.43,1479.901153
1 Oct 2020 1:30:0,10757.57,10785,10757.57,10776.59,647.732931
1 Oct 2020 1:0:0,10745.85,10773.7,10735.51,10757.57,587.813025
1 Oct 2020 0:30:0,10748.06,10753.98,10735,10745.86,397.174429
